"",,Naslovna pošta,,,,,,Dodatek
Zap. št.,,,,Naselje,,Ulica,Hišna št.,
"",poštna št.,naziv pošte,,,,,,HŠ
1,2,3,,4,,5,6,7
1,1000,Ljubljana,Črna vas,,Črna vas,,98,
2,1000,Ljubljana,Ljubljana,,Beblerjev trg,,2,
3,1000,Ljubljana,Ljubljana,,Bezenškova ulica,,23,
4,1000,Ljubljana,Ljubljana,,Bratovševa ploščad,,14,
5,1000,Ljubljana,Ljubljana,,Cankarjeva cesta,,12,
6,1000,Ljubljana,Ljubljana,,Celovška cesta,,25,
7,1000,Ljubljana,Ljubljana,,Celovška cesta,,34,
8,1000,Ljubljana,Ljubljana,,Celovška cesta,,72,
9,1000,Ljubljana,Ljubljana,,Celovška cesta,,73,
10,1000,Ljubljana,Ljubljana,,Celovška cesta,,91,A
11,1000,Ljubljana,Ljubljana,,Celovška cesta,,121,
12,1000,Ljubljana,Ljubljana,,Celovška cesta,,163,
13,1000,Ljubljana,Ljubljana,,Celovška cesta,,249,
14,1000,Ljubljana,Ljubljana,,Celovška cesta,,264,
15,1000,Ljubljana,Ljubljana,,Celovška cesta,,291,
16,1000,Ljubljana,Ljubljana,,Cesta Andreja Bitenca,,68,
17,1000,Ljubljana,Ljubljana,,Cesta Andreja Bitenca,,142,
18,1000,Ljubljana,Ljubljana,,Cesta dveh cesarjev,,71,
19,1000,Ljubljana,Ljubljana,,Cesta dveh cesarjev,,73,
20,1000,Ljubljana,Ljubljana,,Cesta Ljubljanske brigade,,33,
21,1000,Ljubljana,Ljubljana,,Cesta na Bokalce,,9,
22,1000,Ljubljana,Ljubljana,,Cesta na Bokalce,,51,
23,1000,Ljubljana,Ljubljana,,Cesta na Brdo,,46,
24,1000,Ljubljana,Ljubljana,,Cesta na Brdo,,63,
25,1000,Ljubljana,Ljubljana,,Cesta na Vrhovce,,46,
26,1000,Ljubljana,Ljubljana,,Cesta v Gorice,,1,
27,1000,Ljubljana,Ljubljana,,Cesta v Gorice,,36,
28,1000,Ljubljana,Ljubljana,,Cesta v Kleče,,9,
29,1000,Ljubljana,Ljubljana,,Cesta v Mestni log,,55,
30,1000,Ljubljana,Ljubljana,,Cesta v Mestni log,,81,
31,1000,Ljubljana,Ljubljana,,Cesta vstaje,,2,
32,1000,Ljubljana,Ljubljana,,Ciril-Metodov trg,,3,
33,1000,Ljubljana,Ljubljana,,Černetova ulica,,25,
34,1000,Ljubljana,Ljubljana,,Česnikova ulica,,24,
35,1000,Ljubljana,Ljubljana,,Črtomirova ulica,,4,
36,1000,Ljubljana,Ljubljana,,Dalmatinova ulica,,15,
37,1000,Ljubljana,Ljubljana,,Derčeva ulica,,29,
38,1000,Ljubljana,Ljubljana,,Dolenjska cesta,,11,
39,1000,Ljubljana,Ljubljana,,Dolenjska cesta,,43,
40,1000,Ljubljana,Ljubljana,,Dolenjska cesta,,136,A
41,1000,Ljubljana,Ljubljana,,Dolenjska cesta,,137,
42,1000,Ljubljana,Ljubljana,,Dunajska cesta,,19,
43,1000,Ljubljana,Ljubljana,,Dunajska cesta,,74,
44,1000,Ljubljana,Ljubljana,,Dunajska cesta,,107,
45,1000,Ljubljana,Ljubljana,,Dunajska cesta,,130,
46,1000,Ljubljana,Ljubljana,,Dunajska cesta,,141,
47,1000,Ljubljana,Ljubljana,,Dunajska cesta,,158,
48,1000,Ljubljana,Ljubljana,,Dunajska cesta,,198,A
49,1000,Ljubljana,Ljubljana,,Dunajska cesta,,228,
50,1000,Ljubljana,Ljubljana,,Galjevica,,57,
51,1000,Ljubljana,Ljubljana,,Gerbičeva ulica,,49,
52,1000,Ljubljana,Ljubljana,,Glinškova ploščad,,2,
53,1000,Ljubljana,Ljubljana,,Gogalova ulica,,1,
54,1000,Ljubljana,Ljubljana,,Gornji trg,,2,
55,1000,Ljubljana,Ljubljana,,Gortanova ulica,,21,
56,1000,Ljubljana,Ljubljana,,Gosposvetska cesta,,12,
57,1000,Ljubljana,Ljubljana,,Hubadova ulica,,18,
58,1000,Ljubljana,Ljubljana,,Ilirska ulica,,4,
59,1000,Ljubljana,Ljubljana,,Jakčeva ulica,,41,
60,1000,Ljubljana,Ljubljana,,Jamova cesta,,105,
61,1000,Ljubljana,Ljubljana,,Javorjev drevored,,22,
62,1000,Ljubljana,Ljubljana,,Jeranova ulica,,1,A
63,1000,Ljubljana,Ljubljana,,Jeranova ulica,,24,
64,1000,Ljubljana,Ljubljana,,Jesenkova ulica,,2,
65,1000,Ljubljana,Ljubljana,,Jurčkova cesta,,225,
66,1000,Ljubljana,Ljubljana,,Kamnogoriška cesta,,52,
67,1000,Ljubljana,Ljubljana,,Knobleharjeva ulica,,27,
68,1000,Ljubljana,Ljubljana,,Kolezijska ulica,,25,
69,1000,Ljubljana,Ljubljana,,Komanova ulica,,1,
70,1000,Ljubljana,Ljubljana,,Kongresni trg,,11,
71,1000,Ljubljana,Ljubljana,,Kopališka ulica,,10,
72,1000,Ljubljana,Ljubljana,,Krivec,,5,
73,1000,Ljubljana,Ljubljana,,Kunaverjeva ulica,,15,
74,1000,Ljubljana,Ljubljana,,Leskoškova cesta,,12,
75,1000,Ljubljana,Ljubljana,,Letališka cesta,,16,
76,1000,Ljubljana,Ljubljana,,Letališka cesta,,33,A
77,1000,Ljubljana,Ljubljana,,Linhartova cesta,,9,
78,1000,Ljubljana,Ljubljana,,Linhartova cesta,,51,
"",,Naslovna pošta,,,,,,Dodatek
Zap. št.,,,,Naselje,,Ulica,Hišna št.,
"",poštna št.,naziv pošte,,,,,,HŠ
1,2,3,,4,,5,6,7
79,1000,Ljubljana,Ljubljana,,Litijska cesta,,38,
80,1000,Ljubljana,Ljubljana,,Litostrojska cesta,,16,
81,1000,Ljubljana,Ljubljana,,Luize Pesjakove ulica,,9,
82,1000,Ljubljana,Ljubljana,,Medvedova cesta,,28,
83,1000,Ljubljana,Ljubljana,,Metelkova ulica,,15,
84,1000,Ljubljana,Ljubljana,,Miklošičeva cesta,,1,
85,1000,Ljubljana,Ljubljana,,Mirje,,19,
86,1000,Ljubljana,Ljubljana,,Na gmajni,,1,
87,1000,Ljubljana,Ljubljana,,Njegoševa cesta,,19,
88,1000,Ljubljana,Ljubljana,,Nove Fužine,,8,
89,1000,Ljubljana,Ljubljana,,Nove Fužine,,33,
90,1000,Ljubljana,Ljubljana,,Nove Fužine,,40,
91,1000,Ljubljana,Ljubljana,,Nove Fužine,,41,
92,1000,Ljubljana,Ljubljana,,Novi trg,,4,
93,1000,Ljubljana,Ljubljana,,Ob sotočju,,9,
94,1000,Ljubljana,Ljubljana,,Parmova ulica,,51,
95,1000,Ljubljana,Ljubljana,,Parmska cesta,,2,
96,1000,Ljubljana,Ljubljana,,Pečnikova ulica,,9,
97,1000,Ljubljana,Ljubljana,,Podutiška cesta,,30,
98,1000,Ljubljana,Ljubljana,,Podutiška cesta,,161,
99,1000,Ljubljana,Ljubljana,,Pokopališka ulica,,36,
100,1000,Ljubljana,Ljubljana,,Poljanski nasip,,30,
101,1000,Ljubljana,Ljubljana,,Pot do šole,,2,A
102,1000,Ljubljana,Ljubljana,,Pot za Brdom,,100,
103,1000,Ljubljana,Ljubljana,,Potrčeva ulica,,4,
104,1000,Ljubljana,Ljubljana,,Povšetova ulica,,14,
105,1000,Ljubljana,Ljubljana,,Povšetova ulica,,102,
106,1000,Ljubljana,Ljubljana,,Pražakova ulica,,3,
107,1000,Ljubljana,Ljubljana,,Pribinova ulica,,5,
108,1000,Ljubljana,Ljubljana,,Prijateljeva ulica,,2,
109,1000,Ljubljana,Ljubljana,,Prijateljeva ulica,,7,
110,1000,Ljubljana,Ljubljana,,Puhova ulica,,1,
111,1000,Ljubljana,Ljubljana,,Reboljeva ulica,,3,
112,1000,Ljubljana,Ljubljana,,Resljeva cesta,,14,
113,1000,Ljubljana,Ljubljana,,Riharjeva ulica,,38,
114,1000,Ljubljana,Ljubljana,,Rimska cesta,,14,
115,1000,Ljubljana,Ljubljana,,Rozmanova ulica,,13,
116,1000,Ljubljana,Ljubljana,,"Rožna dolina, cesta IX",,17,
117,1000,Ljubljana,Ljubljana,,Savlje,,38,
118,1000,Ljubljana,Ljubljana,,Savlje,,101,
119,1000,Ljubljana,Ljubljana,,Slovenčeva ulica,,23,
120,1000,Ljubljana,Ljubljana,,Slovenska cesta,,32,
121,1000,Ljubljana,Ljubljana,,Slovenska cesta,,55,
122,1000,Ljubljana,Ljubljana,,Sojerjeva ulica,,64,
123,1000,Ljubljana,Ljubljana,,Staničeva ulica,,41,
124,1000,Ljubljana,Ljubljana,,Stegne,,25,A
125,1000,Ljubljana,Ljubljana,,Streliška ulica,,12,
126,1000,Ljubljana,Ljubljana,,Šmartinska cesta,,55,
127,1000,Ljubljana,Ljubljana,,Šmartinska cesta,,101,
128,1000,Ljubljana,Ljubljana,,Šmartinska cesta,,145,
129,1000,Ljubljana,Ljubljana,,Šmartinska cesta,,152,
130,1000,Ljubljana,Ljubljana,,Šmartinska cesta,,152,
131,1000,Ljubljana,Ljubljana,,Štihova ulica,,14,A
132,1000,Ljubljana,Ljubljana,,Štihova ulica,,24,
133,1000,Ljubljana,Ljubljana,,Tabor,,10,
134,1000,Ljubljana,Ljubljana,,Tacenska cesta,,133,
135,1000,Ljubljana,Ljubljana,,Tbilisijska ulica,,81,
136,1000,Ljubljana,Ljubljana,,Tomačevo,,27,
137,1000,Ljubljana,Ljubljana,,Trebinjska ulica,,3,
138,1000,Ljubljana,Ljubljana,,Trg francoske revolucije,,3,
139,1000,Ljubljana,Ljubljana,,Trg komandanta Staneta,,6,
140,1000,Ljubljana,Ljubljana,,Trg mladinskih delov. brigad,,2,
141,1000,Ljubljana,Ljubljana,,Trg Osvobodilne fronte,,7,
142,1000,Ljubljana,Ljubljana,,Triglavska ulica,,11,
143,1000,Ljubljana,Ljubljana,,Trnovski pristan,,2,
144,1000,Ljubljana,Ljubljana,,Tržaška cesta,,2,
145,1000,Ljubljana,Ljubljana,,Tržaška cesta,,37,
146,1000,Ljubljana,Ljubljana,,Tržaška cesta,,68,A
147,1000,Ljubljana,Ljubljana,,Tržaška cesta,,123,
148,1000,Ljubljana,Ljubljana,,Tržaška cesta,,130,
149,1000,Ljubljana,Ljubljana,,Tržaška cesta,,202,
150,1000,Ljubljana,Ljubljana,,Ulica bratov Babnik,,10,
151,1000,Ljubljana,Ljubljana,,Ulica bratov Učakar,,52,
152,1000,Ljubljana,Ljubljana,,Ulica Jana Husa,,3,
153,1000,Ljubljana,Ljubljana,,Ulica Janeza Pavla II.,,4,
154,1000,Ljubljana,Ljubljana,,Vidovdanska cesta,,1,
155,1000,Ljubljana,Ljubljana,,Viška cesta,,48,
156,1000,Ljubljana,Ljubljana,,Vižmarska pot,,11,
"",,Naslovna pošta,,,,,,Dodatek
Zap. št.,,,,Naselje,,Ulica,Hišna št.,
"",poštna št.,naziv pošte,,,,,,HŠ
1,2,3,,4,,5,6,7
157,1000,Ljubljana,Ljubljana,,Vodnikova cesta,,139,
158,1000,Ljubljana,Ljubljana,,Vodnikova cesta,,181,
159,1000,Ljubljana,Ljubljana,,Vodnikova cesta,,235,
160,1000,Ljubljana,Ljubljana,,Vojkova cesta,,3,
161,1000,Ljubljana,Ljubljana,,Vojkova cesta,,52,
162,1000,Ljubljana,Ljubljana,,Zaloška cesta,,7,
163,1000,Ljubljana,Ljubljana,,Zaloška cesta,,7,A
164,1000,Ljubljana,Ljubljana,,Zaloška cesta,,57,
165,1000,Ljubljana,Ljubljana,,Zaloška cesta,,275,A
166,1000,Ljubljana,Ljubljana,,Zemljemerska ulica,,15,
167,1210,Ljubljana Šentvid,Ljubljana,,Kosijeva ulica,,1,
168,1210,Ljubljana Šentvid,Ljubljana,,Prušnikova ulica,,2,
169,1210,Ljubljana Šentvid,Ljubljana,,Prušnikova ulica,,79,
170,1210,Ljubljana Šentvid,Ljubljana,,Prušnikova ulica,,99,
171,1210,Ljubljana - Šentvid,Medno,,Medno,,54,
172,1210,Ljubljana - Šentvid,Stanežiče,,Stanežiče,,64,
173,1211,Ljubljana Šmartno,Ljubljana,,Cesta v Gameljne,,6,
174,1211,Ljubljana Šmartno,Spodnje Gameljne,,Spodnje Gameljne,,26,
175,1211,Ljubljana Šmartno,Srednje Gameljne,,Srednje Gameljne,,49,
176,1211,Ljubljana Šmartno,Zgornje Gameljne,,Zgornje Gameljne,,20,
177,1215,Medvode,Goričane,,Goričane,,46,
178,1215,Medvode,Medvode,,Cesta ob Sori,,3,
179,1215,Medvode,Medvode,,Kalanova ulica,,7,
180,1215,Medvode,Medvode,,Medvoška cesta,,3,
181,1215,Medvode,Medvode,,Medvoška cesta,,6,
182,1215,Medvode,Sora,,Sora,,6,A
183,1215,Medvode,Zgornje Pirniče,,Zgornje Pirniče,,6,
184,1216,Smlednik,Hraše,,Hraše,,36,
185,1216,Smlednik,Smlednik,,Smlednik,,4,B
186,1216,Smlednik,Valburga,,Valburga,,5,A
187,1217,Vodice,Utik,,Utik,,1,
188,1217,Vodice,Vodice,,Kopitarjev trg,,1,
189,1217,Vodice,Vodice,,Škofjeloška cesta,,14,
190,1218,Komenda,Komenda,,Glavarjeva cesta,,39,
191,1218,Komenda,Križ,,Križ,,53,
192,1218,Komenda,Moste,,Moste,,8,C
193,1218,Komenda,Suhadole,,Suhadole,,34,
194,1219,Laze v Tuhinju,Laze v Tuhinju,,Laze v Tuhinju,,4,A
195,1222,Trojane,Trojane,,Trojane,,6,
196,1222,Trojane,Trojane,,Trojane,,11,
197,1223,Blagovica,Blagovica,,Blagovica,,30,
198,1225,Lukovica,Lukovica pri Domžalah,,Obrniška ulica,,1,
199,1225,Lukovica,Lukovica pri Domžalah,,Stari trg,,17,
200,1225,Lukovica,Prevoje pri Šentvidu,,Stara cesta,,22,
201,1230,Domžale,Domžale,,Breznikova ulica,,15,
202,1230,Domžale,Domžale,,Cesta talcev,,4,
203,1230,Domžale,Domžale,,Karantanska cesta,,5,
204,1230,Domžale,Domžale,,Kolodvorska cesta,,11,
205,1230,Domžale,Domžale,,Ljubljanska cesta,,2,
206,1230,Domžale,Domžale,,Ljubljanska cesta,,69,
207,1230,Domžale,Domžale,,Ljubljanska cesta,,74,
208,1230,Domžale,Domžale,,Ljubljanska cesta,,85,
209,1230,Domžale,Domžale,,Ljubljanska cesta,,96,
210,1230,Domžale,Domžale,,Miklošičeva ulica,,1,
211,1230,Domžale,Domžale,,Študljanska cesta,,85,B
212,1230,Domžale,Dragomelj,,Dragomelj,,85,
213,1230,Domžale,Ihan,,Breznikova cesta,,61,A
214,1230,Domžale,Rodica,,Perkova ulica,,17,
215,1230,Domžale,Srednje Jarše,,Jarška cesta,,77,
216,1230,Domžale,Vir,,Čufarjeva ulica,,1,
217,1230,Domžale,Vir,,Gubčeva ulica,,12,A
218,1230,Domžale,Vir,,Tolstojeva ulica,,1,
219,1231,Ljubljana Črnuče,Ljubljana,,Brnčičeva ulica,,13,
220,1231,Ljubljana Črnuče,Ljubljana,,Cesta 24. junija,,15,
221,1231,Ljubljana Črnuče,Ljubljana,,Dunajska cesta,,361,
222,1231,Ljubljana Črnuče,Ljubljana,,Dunajska cesta,,421,
223,1231,Ljubljana Črnuče,Ljubljana,,Podgorica,,63,
224,1231,Ljubljana Črnuče,Ljubljana,,Pot k sejmišču,,32,
225,1231,Ljubljana Črnuče,Ljubljana,,Šentjakob,,43,
226,1233,Dob,Dob,,Ulica 7. avgusta,,23,
227,1233,Dob,Dob,,Ulica 7. avgusta,,29,A
228,1233,Dob,Krtina,,Krtina,,81,
229,1234,Mengeš,Loka pri Mengšu,,Gasilska cesta,,46,
230,1234,Mengeš,Mengeš,,Kolodvorska cesta,,2,A
231,1234,Mengeš,Mengeš,,Liparjeva cesta,,33,
232,1234,Mengeš,Mengeš,,Slovenska cesta,,30,
233,1234,Mengeš,Mengeš,,Slovenska cesta,,67,
234,1234,Mengeš,Mengeš,,Slovenska cesta,,85,
"",,Naslovna pošta,,,,,,Dodatek
Zap. št.,,,,Naselje,,Ulica,Hišna št.,
"",poštna št.,naziv pošte,,,,,,HŠ
1,2,3,,4,,5,6,7
235,1234,Mengeš,Mengeš,,Trdinov trg,,8,A
236,1235,Radomlje,Homec,,Bolkova ulica,,17,
237,1235,Radomlje,Nožice,,Gostičeva cesta,,44,
238,1235,Radomlje,Preserje pri Radomljah,,Tovarniška ulica,,1,
239,1235,Radomlje,Radomlje,,Cesta borcev,,3,
240,1235,Radomlje,Rova,,Žiška cesta,,10,
241,1236,Trzin,Trzin,,Bergantova ulica,,,
242,1236,Trzin,Trzin,,Blatnica,,1,
243,1236,Trzin,Trzin,,Jemčeva cesta,,,
244,1236,Trzin,Trzin,,Ljubljanska cesta,,9,A
245,1236,Trzin,Trzin,,Ljubljanska cesta,,50,
246,1236,Trzin,Trzin,,Mlakarjeva ulica,,,
247,1236,Trzin,Trzin,,Motnica,,,
248,1241,Kamnik,Kamnik,,Domžalska cesta,,3,
249,1241,Kamnik,Kamnik,,Glavni trg,,27,
250,1241,Kamnik,Kamnik,,Kovinarska cesta,,36,
251,1241,Kamnik,Kamnik,,Kranjska cesta,,4,
252,1241,Kamnik,Kamnik,,Ljubljanska cesta,,10,A
253,1241,Kamnik,Kamnik,,Ljubljanska cesta,,14,A
254,1241,Kamnik,Kamnik,,Ljubljanska cesta,,45,
255,1241,Kamnik,Kamnik,,Maistrova ulica,,16,
256,1241,Kamnik,Kamnik,,Medvedova ulica,,11,
257,1241,Kamnik,Kamnik,,Novi trg,,25,
258,1241,Kamnik,Kamnik,,Perovo,,26,
259,1241,Kamnik,Kamnik,,Steletova cesta,,8,
260,1241,Kamnik,Kamnik,,Šutna,,37,
261,1241,Kamnik,Mekinje,,Cankarjeva cesta,,44,
262,1241,Kamnik,Podgorje,,Podgorje,,55,
263,1241,Kamnik,Šmarca,,Trg padlih borcev,,2,
264,1241,Kamnik,Vrhpolje pri Kamniku,,Vrhpolje pri Kamniku,,116,
265,1242,Stahovica,Godič,,Godič,,50,
266,1242,Stahovica,Zgornje Stranje,,Zgornje Stranje,,23,
267,1251,Moravče,Moravče,,Vegova ulica,,1,
268,1252,Vače,Vače,,Vače,,12,
269,1260,Ljubljana Polje,Ljubljana,,Kašeljska cesta,,95,
270,1260,Ljubljana Polje,Ljubljana,,Kašeljska cesta,,117,
271,1260,Ljubljana Polje,Ljubljana,,Papirniški trg,,9,
272,1260,Ljubljana Polje,Ljubljana,,Zadobrovška cesta,,14,
273,1260,Ljubljana Polje,Ljubljana,,Zadobrovška cesta,,29,
274,1260,Ljubljana Polje,Ljubljana,,Zadobrovška cesta,,88,
275,1261,Ljubljana - Dobrunje,Ljubljana,,Bizoviška cesta,,6,
276,1261,Ljubljana - Dobrunje,Ljubljana,,Cesta II. grupe odredov,,39,
277,1261,Ljubljana - Dobrunje,Ljubljana,,Litijska cesta,,262,
278,1261,Ljubljana - Dobrunje,Podmolnik,,Podmolniška cesta,,22,
279,1261,Ljubljana - Dobrunje,Sadinja vas,,Sadinja vas,,113,
280,1262,Dol pri Ljubljani,Beričevo,,Beričevo,,12,
281,1262,Dol pri Ljubljani,Dolsko,,Dolsko,,55,
282,1262,Dol pri Ljubljani,Pšata,,Pšata,,36,
283,1262,Dol pri Ljubljani,Senožeti,,Senožeti,,25,
284,1262,Dol pri Ljubljani,Videm,,Videm,,54,
285,1270,Litija,Litija,,Partizanska pot,,8,A
286,1270,Litija,Litija,,Ponoviška cesta,,3,
287,1270,Litija,Litija,,Prvomajska ulica,,1,
288,1270,Litija,Litija,,Ulica Mire Pregljeve,,8,
289,1270,Litija,Litija,,Valvazorjev trg,,3,
290,1272,Polšnik,Polšnik,,Polšnik,,11,
291,1273,Dole pri Litiji,Dole Pri Litiji,,Dole pri Litiji,,7,B
292,1274,Gabrovka,Gabrovka,,Gabrovka,,4,
293,1275,Šmartno pri Litiji,Šmartno pri Litiji,,Pungrt,,20,
294,1275,Šmartno pri Litiji,Šmartno pri Litiji,,Staretov trg,,25,
295,1276,Primskovo,Gradišče-K. o. Grad. in Polj.,,Gradišče-K. o. Grad. in Polj.,,8,
296,1281,Kresnice,Kresnice,,Kresnice,,106,
297,1282,Sava,Sava,,Sava,,21,B
298,1290,Grosuplje,Brezje pri Grosupljem,,Brezje pri Grosupljem,,74,
299,1290,Grosuplje,Brvace,,Brvace,,1,
300,1290,Grosuplje,Grosuplje,,Adamičeva cesta,,11,
301,1290,Grosuplje,Grosuplje,,Adamičeva cesta,,33,
302,1290,Grosuplje,Grosuplje,,Cesta na Krko,,11,
303,1290,Grosuplje,Grosuplje,,Ljubljanska cesta,,66,
304,1290,Grosuplje,Grosuplje,,Ob Grosupeljščici,,28,
305,1290,Grosuplje,Grosuplje,,Pod gozdom cesta IV,,2,
306,1290,Grosuplje,Grosuplje,,Taborska cesta,,5,
307,1290,Grosuplje,Polica,,Polica,,46,
308,1290,Grosuplje,Ponova Vas,,Ponova vas,,33,A
309,1290,Grosuplje,Spodnja Slivnica,,Spodnja Slivnica,,16,
310,1290,Grosuplje,Veliko Mlačevo,,Veliko Mlačevo,,59,
311,1291,Škofljica,Lavrica,,Dolenjska cesta,,329,
312,1291,Škofljica,Pijava Gorica,,Gasilska ulica,,3,
"",,Naslovna pošta,,,,,,Dodatek
Zap. št.,,,,Naselje,,Ulica,Hišna št.,
"",poštna št.,naziv pošte,,,,,,HŠ
1,2,3,,4,,5,6,7
313,1291,Škofljica,Smrjene,,Smrjene,,124,
314,1291,Škofljica,Škofljica,,Ob pošti,,25,
315,1291,Škofljica,Škofljica,,Šmarska cesta,,4,
316,1291,Škofljica,Želimlje,,Želimlje,,82,
317,1292,Ig,Golo,,Golo,,5,
318,1292,Ig,Ig,,Govekarjeva cesta,,12,
319,1292,Ig,Iška vas,,Iška vas,,31,
320,1293,Šmarje - Sap,Šmarje-Sap,,Ljubljanska cesta,,39,
321,1293,Šmarje - Sap,Šmarje-Sap,,Ljubljanska cesta,,79,
322,1294,Višnja Gora,Višnja Gora,,Ciglerjeva ulica,,25,
323,1294,Višnja Gora,Višnja Gora,,Mestni trg,,35,
324,1295,Ivančna Gorica,Ivančna Gorica,,Livarska ulica,,1,
325,1295,Ivančna Gorica,Ivančna Gorica,,Ploščad Osvobodilne fronte,,4,
326,1295,Ivančna Gorica,Ivančna Gorica,,Vodotučine,,14,
327,1295,Ivančna Gorica,Stična,,Stična,,17,
328,1295,Ivančna Gorica,Vir pri Stični,,Vir pri Stični,,113,
329,1296,Šentvid pri Stični,Šentvid pri Stični,,Šentvid pri Stični,,77,
330,1296,Šentvid pri Stični,Šentvid pri Stični,,Šentvid pri Stični,,140,
331,1301,Krka,Krka,,Krka,,1,B
332,1303,Zagradec,Fužina,,Fužina,,11,
333,1310,Ribnica,Ribnica,,Gorenjska cesta,,20,
334,1310,Ribnica,Ribnica,,Kolodvorska ulica,,2,
335,1310,Ribnica,Ribnica,,Škrabčev trg,,42,
336,1311,Turjak,Turjak,,Turjak,,17,
337,1312,Videm - Dobrepolje,Kompolje,,Kompolje,,60,
338,1312,Videm - Dobrepolje,Ponikve,,Ponikve,,76,
339,1312,Videm - Dobrepolje,Videm,,Videm,,36,
340,1313,Struge,Lipa,,Lipa,,16,
341,1314,Rob,Rob,,Rob,,1,
342,1315,Velike Lašče,Velike Lašče,,Javorškova ulica,,5,
343,1315,Velike Lašče,Velike Lašče,,Levstikov trg,,1,
344,1316,Ortnek,Ortnek,,Velike Poljane,,6,
345,1317,Sodražica,Sodražica,,Trg 25. maja,,7,
346,1318,Loški Potok,Hrib-Loški Potok,,Hrib-Loški Potok,,16,
347,1318,Loški Potok,Retje,,Retje,,58,
348,1319,Draga,Draga,,Draga,,13,
349,1330,Kočevje,Dolga vas,,Kočevska cesta,,10,
350,1330,Kočevje,Kočevje,,Ljubljanska cesta,,23,
351,1330,Kočevje,Kočevje,,Reška cesta,,13,
352,1330,Kočevje,Kočevje,,Šeškova ulica,,20,
353,1330,Kočevje,Kočevje,,Trg zbora odposlancev,,4,
354,1330,Kočevje,Kočevje,,Trg zbora odposlancev,,60,
355,1330,Kočevje,Livold,,Livold,,21,
356,1330,Kočevje,Šalka vas,,Šalka vas,,2,
357,1330,Kočevje,Željne,,Željne,,26,
358,1331,Dolenja vas,Dolenja vas,,Šolska ulica,,11,
359,1331,Dolenja vas,Prigorica,,Prigorica,,38,
360,1332,Stara Cerkev,Stara Cerkev,,Stara Cerkev,,67,
361,1336,Kostel,Potok,,Potok,,1,A
362,1336,Kostel,Potok Petrina,,Potok Petrina,,10,A
363,1337,Osilnica,Osilnica,,Osilnica,,11,A
364,1338,Kočevska Reka,Kočevska Reka,,Kočevska Reka,,3,
365,1351,Brezovica pri Ljub.,Brezovica pri Ljubljani,,Podpeška cesta,,20,
366,1351,Brezovica pri Ljub.,Brezovica pri Ljubljani,,Poštna ulica,,1,
367,1351,Brezovica pri Ljub.,Brezovica pri Ljubljani,,Tržaška cesta,,505,
368,1351,Brezovica pri Ljub.,Brezovica pri Ljubljani,,Tržaška cesta,,565,
369,1351,Brezovica pri Ljub.,Dragomer,,Na Grivi,,1,
370,1351,Brezovica pri Ljub.,Vnanje Gorice,,Nova pot,,5,
371,1352,Preserje,Jezero,,Jezero,,103,
372,1353,Borovnica,Borovnica,,Molkov trg,,12,
373,1353,Borovnica,Dol pri Borovnici,,Dol pri Borovnici,,19,
374,1354,Horjul,Horjul,,Slovenska cesta,,7,
375,1354,Horjul,Vrzdenec,,Vrzdenec,,100,
376,1355,Polhov Gradec,Polhov Gradec,,Polhov Gradec,,16,
377,1356,Dobrova,Brezje pri Dobrovi,,Brezje pri Dobrovi,,57,
378,1356,Dobrova,Dobrova,,Stara cesta,,14,
379,1356,Dobrova,Dobrova,,Ulica Vladimirja Dolničarja,,2,
380,1356,Dobrova,Gabrje,,Gabrje,,20,
381,1356,Dobrova,Podsmreka,,Podsmreka,,14,
382,1357,Notranje Gorice,Kamnik pod Krimom,,Kamnik pod Krimom,,29,
383,1357,Notranje Gorice,Notranje Gorice,,Podpeška cesta,,380,
384,1357,Notranje Gorice,Rakitna,,Rakitna,,66,
385,1358,Log pri Brezovici,Bevke,,Bevke,,42,
386,1358,Log pri Brezovici,Log pri Brezovici,,Cesta 8. maja,,,
387,1358,Log pri Brezovici,Log pri Brezovici,,Cesta Dolomitskega odreda,,2,A
388,1360,Vrhnika,Drenov Grič,,Drenov Grič,,120,
389,1360,Vrhnika,Podlipa,,Podlipa,,,
390,1360,Vrhnika,Sinja Gorica,,Sinja Gorica,,41,
"",,Naslovna pošta,,,,,Dodatek
Zap. št.,,,Naselje,,Ulica,Hišna št.,
"",poštna št.,naziv pošte,,,,,HŠ
1,2,3,4,,5,6,7
391,1360,Vrhnika,Stara Vrhnika,Stara Vrhnika,,49,
392,1360,Vrhnika,Verd,Verd,,9,
393,1360,Vrhnika,Vrhnika,Idrijska cesta,,13,
394,1360,Vrhnika,Vrhnika,Ljubljanska cesta,,29,
395,1360,Vrhnika,Vrhnika,Poštna ulica,,2,
396,1360,Vrhnika,Vrhnika,Robova cesta,,6,
397,1360,Vrhnika,Vrhnika,Tržaška cesta,,4,
398,1360,Vrhnika,Vrhnika,Voljčeva cesta,,3,
399,1360,Vrhnika,Vrhnika,Vrtnarija,,3,
400,1370,Logatec,Logatec,Notranjska cesta,,1,
401,1370,Logatec,Logatec,Ograde,,20,
402,1370,Logatec,Logatec,Stara cesta,,8,
403,1370,Logatec,Logatec,Tržaška cesta,,3,
404,1370,Logatec,Logatec,Tržaška cesta,,50,A
405,1370,Logatec,Logatec,Tržaška cesta,,105,
406,1370,Logatec,Logatec,Tržaška cesta,,105,
407,1372,Hotedršica,Hotedršica,Hotedršica,,26,
408,1373,Rovte,Petkovec,Avtobusna postaja Zaplana - Petkovec,,,
409,1373,Rovte,Rovte,Rovte,,159,A
410,1380,Cerknica,Cerknica,Cesta 4. maja,,4,A
411,1380,Cerknica,Cerknica,Cesta 4. maja,,52,
412,1380,Cerknica,Cerknica,Notranjska cesta,,42,A
413,1380,Cerknica,Dolenja Vas,Dolenja vas,,54,A
414,1381,Rakek,Rakek,Partizanska cesta,,8,A
415,1381,Rakek,Rakek,Trg padlih borcev,,6,
416,1381,Rakek,Unec,Unec,,19,A
417,1382,Begunje pri Cerknici,Begunje pri Cerknici,Begunje pri Cerknici,,111,
418,1384,Grahovo,Grahovo,Grahovo,,6,
419,1385,Nova vas,Nova Vas,Nova vas,,4,A
420,1386,Stari trg pri Ložu,Lož,Cesta 19. oktobra,,57,
421,1386,Stari trg pri Ložu,Stari trg pri Ložu,Cesta Notranjskega odreda,,28,
422,1410,Zagorje ob Savi,Dolenja vas,Kolodvorska cesta,,28,
423,1410,Zagorje ob Savi,Zagorje ob Savi,Cesta 9. avgusta,,109,
424,1410,Zagorje ob Savi,Zagorje ob Savi,Cesta Borisa Kidriča,,2,
425,1410,Zagorje ob Savi,Zagorje ob Savi,Cesta zmage,,1,
426,1410,Zagorje ob Savi,Zagorje ob Savi,Cesta zmage,,28,
427,1410,Zagorje ob Savi,Zagorje ob Savi,Cesta zmage,,33,
428,1410,Zagorje ob Savi,Zagorje ob Savi,Kopališka ulica,,14,
429,1411,Izlake,Izlake,Izlake,,7,
430,1411,Izlake,Izlake,Izlake,,40,
431,1412,Kisovec,Kisovec,Naselje na Šahtu,,31,
432,1412,Kisovec,Kisovec,Trg Pohorskega bataljona,,15,
433,1413,Čemšenik,Čemšenik,Čemšenik,,5,
434,1414,Podkum,Podkum,Podkum,,11,A
435,1420,Trbovlje,Trbovlje,Kolonija 1. maja,,10,A
436,1420,Trbovlje,Trbovlje,Obrtniška cesta,,1,
437,1420,Trbovlje,Trbovlje,Savinjska cesta,,11,A
438,1420,Trbovlje,Trbovlje,Trg Franca Fakina,,1,A
439,1420,Trbovlje,Trbovlje,Trg revolucije,,27,
440,1420,Trbovlje,Trbovlje,Trg svobode,,12,
441,1420,Trbovlje,Trbovlje,Ulica 1. junija,,1,
442,1420,Trbovlje,Trbovlje,Ulica Sallaumines,,3,
443,1420,Trbovlje,Trbovlje,Ulica Sallaumines,,8,
444,1422,Trbovlje,Trbovlje,Trg Franca Fakina,,4,
445,1423,Dobovec,Dobovec,Dobovec,,49,
446,1430,Hrastnik,Hrastnik,Cesta 1. maja,,53,A
447,1430,Hrastnik,Hrastnik,Log,,9,
448,1430,Hrastnik,Hrastnik,Log,,28,
449,1430,Hrastnik,Hrastnik,Trg Franca Kozarja,,14,A
450,1430,Hrastnik,Podkraj,Podkraj,,91,A
451,1431,Dol pri Hrastniku,Dol pri Hrastniku,Trg borcev NOB,,12,
452,1432,Zidani Most,Zidani Most,Zidani Most,,9,
453,1433,Radeče,Radeče,Pot na brod,,11,A
454,1434,Loka pri Zidanem Mostu,Loka pri Zidanem Mostu,Loka pri Zidanem Mostu,,90,
455,2000,Maribor,Dogoše,Dupleška cesta,,255,
456,2000,Maribor,Maribor,Bevkova ulica,,2,
457,2000,Maribor,Maribor,Borova vas,,12,
458,2000,Maribor,Maribor,Borštnikova ulica,,33,A
459,2000,Maribor,Maribor,Cesta proletarskih brigad,,,
460,2000,Maribor,Maribor,Cesta XIV. divizije,,20,A
461,2000,Maribor,Maribor,Čufarjeva cesta,,9,
462,2000,Maribor,Maribor,Focheva ulica,,41,
463,2000,Maribor,Maribor,Framska ulica,,11,
464,2000,Maribor,Maribor,Glavni trg,,17,
465,2000,Maribor,Maribor,Goriška ulica,,10,
466,2000,Maribor,Maribor,Gorkega ulica,,55,
467,2000,Maribor,Maribor,Gosposvetska cesta,,43,A
468,2000,Maribor,Maribor,Gosposvetska cesta,,89,
"",,Naslovna pošta,,,,,,Dodatek
Zap. št.,,,,Naselje,,Ulica,Hišna št.,
"",poštna št.,naziv pošte,,,,,,HŠ
1,2,3,,4,,5,6,7
469,2000,Maribor,Maribor,,Gregorčičeva ulica,,19,
470,2000,Maribor,Maribor,,Istrska ulica,,49,
471,2000,Maribor,Maribor,,Jezdarska ulica,,1,
472,2000,Maribor,Maribor,,Jurančičeva ulica,,9,
473,2000,Maribor,Maribor,,Kardeljeva cesta,,53,
474,2000,Maribor,Maribor,,Kardeljeva cesta,,96,
475,2000,Maribor,Maribor,,Keleminova ulica,,26,
476,2000,Maribor,Maribor,,Koroška cesta,,63,
477,2000,Maribor,Maribor,,Koroška cesta,,116,
478,2000,Maribor,Maribor,,Kramarjeva ulica,,1,
479,2000,Maribor,Maribor,,Lackova cesta,,44,
480,2000,Maribor,Maribor,,Limbuška cesta,,14,
481,2000,Maribor,Maribor,,Ljubljanska ulica,,,
482,2000,Maribor,Maribor,,Maistrova ulica,,17,
483,2000,Maribor,Maribor,,Meljska cesta,,37,
484,2000,Maribor,Maribor,,Metelkova ulica,,26,
485,2000,Maribor,Maribor,,Mlinska ulica,,1,
486,2000,Maribor,Maribor,,Na Poljanah,,,
487,2000,Maribor,Maribor,,Na trati,,3,
488,2000,Maribor,Maribor,,Ob gozdu,,1,
489,2000,Maribor,Maribor,,Partizanska cesta,,1,
490,2000,Maribor,Maribor,,Partizanska cesta,,46,
491,2000,Maribor,Maribor,,Partizanska cesta,,54,
492,2000,Maribor,Maribor,,Pekrska cesta,,56,
493,2000,Maribor,Maribor,,Pobreška cesta,,,
494,2000,Maribor,Maribor,,Pohorska ulica,,21,B
495,2000,Maribor,Maribor,,Pohorska ulica,,60,
496,2000,Maribor,Maribor,,Prušnikova ulica,,12,
497,2000,Maribor,Maribor,,Prušnikova ulica,,42,
498,2000,Maribor,Maribor,,Ptujska cesta,,119,
499,2000,Maribor,Maribor,,Ptujska cesta,,155,
500,2000,Maribor,Maribor,,Radvanjska cesta,,84,
501,2000,Maribor,Maribor,,Regentova ulica,,7,
502,2000,Maribor,Maribor,,Ruška cesta,,100,
503,2000,Maribor,Maribor,,Sarajevska ulica,,23,
504,2000,Maribor,Maribor,,Slomškov trg,,10,
505,2000,Maribor,Maribor,,Smetanova ulica,,31,
506,2000,Maribor,Maribor,,Sodna ulica,,14,
507,2000,Maribor,Maribor,,Sokolska ulica,,58,
508,2000,Maribor,Maribor,,Streliška cesta,,30,
509,2000,Maribor,Maribor,,Šarhova ulica,,59,A
510,2000,Maribor,Maribor,,Šentiljska cesta,,110,
511,2000,Maribor,Maribor,,Trg revolucije,,8,
512,2000,Maribor,Maribor,,Trg svobode,,5,
513,2000,Maribor,Maribor,,Ulica Eve Lovše,,,
514,2000,Maribor,Maribor,,Ulica heroja Nandeta,,37,
515,2000,Maribor,Maribor,,Ulica heroja Staneta,,1,
516,2000,Maribor,Maribor,,Ulica Moše Pijada,,22,
517,2000,Maribor,Maribor,,Ulica slovenske osamosvojitve,,2,
518,2000,Maribor,Maribor,,Ulica Staneta Severja,,10,A
519,2000,Maribor,Maribor,,Ulica Vita Kraigherja,,,
520,2000,Maribor,Maribor,,Valvasorjeva ulica,,19,
521,2000,Maribor,Maribor,,Vrbanska cesta,,3,
522,2000,Maribor,Maribor,,Vrbanska cesta,,20,
523,2000,Maribor,Maribor,,Zagrebška cesta,,106,
524,2000,Maribor,Razvanje,,Razvanjska cesta,,38,
525,2000,Maribor,Razvanje,,Tržaška cesta,,53,
526,2000,Maribor,Razvanje,,Tržaška cesta,,,
527,2000,Maribor,Zrkovci,,Zrkovci,,75,
528,2201,Zgornja Kungota,Kozjak nad Pesnico,,Kozjak nad Pesnico,,73,A
529,2201,Zgornja Kungota,Plintovec,,Plintovec,,7,C
530,2201,Zgornja Kungota,Zgornja Kungota,,Zgornja Kungota,,10,F
531,2204,Miklavž na Dravskem polju,Dobrovce,,Ulica talcev,,22,
532,2204,Miklavž na Dravskem polju,Dravski Dvor,,Kidričeva cesta,,9,
533,2204,Miklavž na Dravskem polju,Miklavž na Dravskem polju,,Cesta v Dobrovce,,4,B
534,2204,Miklavž na Dravskem polju,Miklavž na Dravskem polju,,Ptujska cesta,,31,
535,2204,Miklavž na Dravskem polju,Rogoza,,Cesta v Skoke,,35,
536,2204,Miklavž na Dravskem polju,Rogoza,,Rogoška cesta,,26,
537,2204,Miklavž na Dravskem polju,Skoke,,Uskoška ulica,,,
538,2205,Starše,Starše,,Starše,,78,B
539,2205,Starše,Zlatoličje,,Zlatoličje,,10,
540,2206,Marjeta na Dravskem polju,Marjeta na Dravskem polju,,Marjeta na Dravskem polju,,57,A
541,2206,Marjeta na Dravskem polju,Prepolje,,Prepolje,,101,
542,2206,Marjeta na Dravskem polju,Trniče,,Trniče,,22,
543,2208,"Pohorje, premična pošta",Frajhajm,,Frajhajm,,64,
544,2208,"Pohorje, premična pošta",Hočko Pohorje,,Hočko Pohorje,,40,
545,2211,Pesnica pri Mariboru,Dolnja Počehova,,Dolnja Počehova,,11,B
546,2211,Pesnica pri Mariboru,Gačnik,,Gačnik,,42,
"",,Naslovna pošta,,,,,,Dodatek
Zap. št.,,,,Naselje,,Ulica,Hišna št.,
"",poštna št.,naziv pošte,,,,,,HŠ
1,2,3,,4,,5,6,7
547,2211,Pesnica pri Mariboru,Gradiška,,Gradiška,,196,
548,2211,Pesnica pri Mariboru,Pesnica pri Mariboru,,Pesnica pri Mariboru,,43,A
549,2211,Pesnica pri Mariboru,Spodnje Dobrenje,,Spodnje Dobrenje,,8,
550,2212,Šentilj v Slovenskih goricah,Šentilj v Slov. goricah,,Maistrova ulica,,2,
551,2212,Šentilj v Slovenskih goricah,Šentilj v Slov. goricah,,Mariborska cesta,,8,
552,2213,Zgornja Velka,Zgornja Velka,,Zgornja Velka,,41,C
553,2214,Sladki Vrh,Sladki Vrh,,Sladki Vrh,,3,A
554,2215,Ceršak,Ceršak,,Ceršak,,21,
555,2215,Ceršak,Selnica ob Muri,,Selnica ob Muri,,104,
556,2221,Jarenina,Jareninski Dol,,Jareninski Dol,,22,
557,2222,Jakobski Dol,Zgornji Jakobski Dol,,Zgornji Jakobski Dol,,1,B
558,2223,Jurovski Dol,Jurovski Dol,,Jurovski Dol,,40,A
559,2223,Jurovski Dol,Zgornje Partinje,,Zgornje Partinje,,28,
560,2229,Malečnik,Malečnik,,Malečnik,,56,
561,2229,Malečnik,Trčova,,Trčova,,199,
562,2230,Lenart v Slovenskih goricah,Hrastovec v Slov. goricah,,Hrastovec v Slov. goricah,,22,
563,2230,Lenart v Slovenskih goricah,Lenart v Slov. goricah,,Industrijska ulica,,7,
564,2230,Lenart v Slovenskih goricah,Lenart v Slov. goricah,,Kraigherjeva ulica,,19,A
565,2230,Lenart v Slovenskih goricah,Lenart v Slov. goricah,,Ob Poleni,,35,
566,2230,Lenart v Slovenskih goricah,Lenart v Slov. goricah,,Partizanska cesta,,3,
567,2230,Lenart v Slovenskih goricah,Lenart v Slov. goricah,,Trg osvoboditve,,7,
568,2231,Pernica,Pernica,,Pernica,,8,H
569,2231,Pernica,Vosek,,Vosek,,22,A
570,2232,Voličina,Spodnja Voličina,,Spodnja Voličina,,87,
571,2233,Sv. Ana v Slov. goricah,Kremberk,,Kremberk,,36,A
572,2234,Benedikt,Benedikt,,Čolnikov trg,,,
573,2235,Sv. Trojica v Slov. goricah,Sv. Trojica v Slov. goricah,,Trojiški trg,,4,
574,2236,Cerkvenjak,Cerkvenjak,,Cerkvenjak,,25,
575,2241,Spodnji Duplek,Dvorjane,,Dvorjane,,23,
576,2241,Spodnji Duplek,Spodnji Duplek,,Cesta k Dravi,,5,
577,2241,Spodnji Duplek,Vurberk,,Vurberk,,93,
578,2241,Spodnji Duplek,Zgornji Duplek,,Zgornji Duplek,,5,
579,2242,Zgornja Korena,Zgornja Korena,,Zgornja Korena,,25,C
580,2242,Zgornja Korena,Zimica,,Zimica,,49,
581,2250,Ptuj,Grajenščak,,Grajenščak,,36,A
582,2250,Ptuj,Kicar,,Kicar,,80,A
583,2250,Ptuj,Krčevina pri Vurbergu,,Krčevina pri Vurbergu,,58,
584,2250,Ptuj,Mestni Vrh,,Mestni Vrh,,104,A
585,2250,Ptuj,Podvinci,,Podvinci,,4,
586,2250,Ptuj,Ptuj,,Dravska ulica,,8,
587,2250,Ptuj,Ptuj,,Mariborska cesta,,19,
588,2250,Ptuj,Ptuj,,Mestni trg,,1,
589,2250,Ptuj,Ptuj,,Ormoška cesta,,15,
590,2250,Ptuj,Ptuj,,Ormoška cesta,,26,B
591,2250,Ptuj,Ptuj,,Ormoška cesta,,30,
592,2250,Ptuj,Ptuj,,Osojnikova cesta,,3,
593,2250,Ptuj,Ptuj,,Osojnikova cesta,,11,
594,2250,Ptuj,Ptuj,,Potrčeva cesta,,2,
595,2250,Ptuj,Ptuj,,Potrčeva cesta,,23,
596,2250,Ptuj,Ptuj,,Prešernova ulica,,2,
597,2250,Ptuj,Ptuj,,Prešernova ulica,,24,
598,2250,Ptuj,Ptuj,,Puhova ulica,,21,
599,2250,Ptuj,Ptuj,,Rimska ploščad,,25,
600,2250,Ptuj,Ptuj,,Rogozniška cesta,,33,
601,2250,Ptuj,Ptuj,,Slomškova ulica,,12,
602,2250,Ptuj,Ptuj,,Slovenskogoriška cesta,,18,
603,2250,Ptuj,Ptuj,,Špindlerjeva ulica,,3,
604,2250,Ptuj,Ptuj,,Trubarjeva ulica,,7,
605,2250,Ptuj,Ptuj,,Ulica 25. maja,,13,
606,2250,Ptuj,Ptuj,,Ulica 5. prekomorske,,8,
607,2250,Ptuj,Ptuj,,Vodnikova ulica,,2,
608,2250,Ptuj,Ptuj,,Volkmerjeva cesta,,10,
609,2250,Ptuj,Ptuj,,Volkmerjeva cesta,,26,
610,2250,Ptuj,Ptuj,,Zagrebška cesta,,4,A
611,2250,Ptuj,Ptuj,,Zagrebška cesta,,74,
612,2250,Ptuj,Spuhlja,,Spuhlja,,26,
613,2252,Dornava,Dornava,,Dornava,,135,A
614,2252,Dornava,Mezgovci ob Pesnici,,Mezgovci ob Pesnici,,67,A
615,2253,Destrnik,Janežovski Vrh,,Janežovski Vrh,,42,
616,2254,Trnovska vas,Trnovska vas,,Trnovska vas,,41,
617,2255,Vitomarci,Vitomarci,,Vitomarci,,71,
618,2256,Juršinci,Juršinci,,Juršinci,,3,B
619,2257,Polenšak,Polenšak,,Polenci,,42,C
620,2258,Sveti Tomaž,Sveti Tomaž,,Sveti Tomaž,,18,
621,2259,Ivanjkovci,Ivanjkovci,,Ivanjkovci,,9,B
622,2259,Ivanjkovci,Jeruzalem,,Jeruzalem,,8,
623,2270,Ormož,Ormož,,Poštna ulica,,2,
624,2270,Ormož,Ormož,,Ptujska cesta,,16,
"",,Naslovna pošta,,,,,,Dodatek
Zap. št.,,,,Naselje,,Ulica,Hišna št.,
"",poštna št.,naziv pošte,,,,,,HŠ
1,2,3,,4,,5,6,7
625,2270,Ormož,Pušenci,,Pušenci,,41,
626,2272,Gorišnica,Gorišnica,,Gorišnica,,79,
627,2272,Gorišnica,Moškanjci,,Moškanjci,,1,G
628,2272,Gorišnica,Muretinci,,Muretinci,,46,A
629,2272,Gorišnica,Zamušani,,Zamušani,,2,
630,2273,Podgorci,Cvetkovci,,Cvetkovci,,47,
631,2273,Podgorci,Podgorci,,Podgorci,,27,A
632,2274,Velika Nedelja,Mihovci pri Vel. Nedelji,,Mihovci pri Vel. Nedelji,,25,
633,2274,Velika Nedelja,Velika Nedelja,,Velika Nedelja,,2,T
634,2275,Miklavž pri Ormožu,Miklavž pri Ormožu,,Miklavž pri Ormožu,,26,
635,2276,Kog,Kog,,Lačaves,,15,
636,2277,Središče ob Dravi,Obrež,,Obrež,,48,
637,2277,Središče ob Dravi,Središče ob Dravi,,Slovenska cesta,,,
638,2281,Markovci,Bukovci,,Bukovci,,121,C
639,2281,Markovci,Markovci,,Markovci,,43,
640,2281,Markovci,Stojnci,,Stojnci,,38,
641,2281,Markovci,Zabovci,,Zabovci,,42,
642,2282,Cirkulane,Cirkulane,,Cirkulane,,58,
643,2283,Zavrč,Hrastovec,,Hrastovec,,25,B
644,2283,Zavrč,Turški Vrh,,Turški Vrh,,74,
645,2283,Zavrč,Zavrč,,Zavrč,,8,C
646,2284,Videm pri Ptuju,Lancova vas,,Lancova vas,,44,
647,2284,Videm pri Ptuju,Pobrežje,,Pobrežje,,66,A
648,2284,Videm pri Ptuju,Tržec,,Tržec,,50,
649,2284,Videm pri Ptuju,Videm pri Ptuju,,Videm pri Ptuju,,51,A
650,2285,Zgornji Leskovec,Zgornji Leskovec,,Zgornji Leskovec,,10,C
651,2286,Podlehnik,Podlehnik,,Podlehnik,,8,F
652,2287,Žetale,Žetale,,Žetale,,4,
653,2288,Hajdina,Draženci,,Draženci,,72,
654,2288,Hajdina,Gerečja vas,,Gerečja vas,,14,A
655,2288,Hajdina,Hajdoše,,Hajdoše,,43,J
656,2288,Hajdina,Slovenja vas,,Slovenja vas,,62,A
657,2288,Hajdina,Zgornja Hajdina,,Zgornja Hajdina,,44,A
658,2289,Stoperce,Stoperce,,Stoperce,,76,
659,2310,Slovenska Bistrica,Črešnjevec,,Črešnjevec,,43,
660,2310,Slovenska Bistrica,Kovača vas,,Kovača vas,,144,
661,2310,Slovenska Bistrica,Slovenska Bistrica,,Kolodvorska ulica,,8,
662,2310,Slovenska Bistrica,Slovenska Bistrica,,Ljubljanska cesta,,36,
663,2310,Slovenska Bistrica,Slovenska Bistrica,,Mariborska cesta,,2,
664,2310,Slovenska Bistrica,Slovenska Bistrica,,Partizanska ulica,,22,
665,2310,Slovenska Bistrica,Slovenska Bistrica,,Partizanska ulica,,37,
666,2310,Slovenska Bistrica,Slovenska Bistrica,,Partizanska ulica,,61,
667,2310,Slovenska Bistrica,Slovenska Bistrica,,Špindlerjeva ulica,,2,E
668,2310,Slovenska Bistrica,Slovenska Bistrica,,Tomšičeva ulica,,33,
669,2310,Slovenska Bistrica,Slovenska Bistrica,,Vošnjakova ulica,,2,
670,2310,Slovenska Bistrica,Slovenska Bistrica,,Žolgarjeva ulica,,14,
671,2310,Slovenska Bistrica,Visole,,Visole,,,
672,2310,Slovenska Bistrica,Zgornja Bistrica,,Zgornja Bistrica,,63,
673,2311,Hoče,Pivola,,Pivola,,18,
674,2311,Hoče,Spodnje Hoče,,Glaserjev trg,,2,
675,2311,Hoče,Spodnje Hoče,,Pohorska cesta,,20,
676,2311,Hoče,Zgornje Hoče,,Zgornje Hoče,,56,A
677,2312,Orehova vas,Hotinja vas,,Hotinjska cesta,,62,
678,2312,Orehova vas,Orehova vas,,Orehova cesta,,26,
679,2312,Orehova vas,Radizel,,Vilenska cesta,,,
680,2312,Orehova vas,Slivnica pri Mariboru,,Mariborska cesta,,37,
681,2313,Fram,Fram,,Turnerjeva ulica,,101,
682,2313,Fram,Morje,,Cesta na Bukovec,,9,
683,2314,Zgornja Polskava,Bukovec,,Bukovec,,112,
684,2314,Zgornja Polskava,Gabernik,,Gabernik,,,
685,2314,Zgornja Polskava,Zgornja Polskava,,Mariborska ulica,,26,
686,2315,Šmartno na Pohorju,Šmartno na Pohorju,,Šmartno na Pohorju,,21,
687,2316,Zgornja Ložnica,Gladomes,,Gladomes,,,
688,2316,Zgornja Ložnica,Zgornja Ložnica,,Zgornja Ložnica,,23,B
689,2317,Oplotnica,Čadram,,Čadram,,48,
690,2317,Oplotnica,Oplotnica,,Partizanska cesta,,68,
691,2317,Oplotnica,Oplotnica,,Ulica Pohorskega bataljona,,8,
692,2318,Laporje,Laporje,,Laporje,,56,
693,2319,Poljčane,Poljčane,,Bistriška cesta,,26,
694,2319,Poljčane,Poljčane,,Bistriška cesta,,54,
695,2319,Poljčane,Poljčane,,Bistriška cesta,,69,
696,2321,Makole,Makole,,Makole,,37,
697,2322,Majšperk,Majšperk,,Majšperk,,66,A
698,2323,Ptujska Gora,Ptujska Gora,,Ptujska Gora,,36,
699,2324,Lovrenc na Dravskem polju,Apače,,Apače,,86,
700,2324,Lovrenc na Dravskem polju,Lovrenc na Dravskem polju,,Lovrenc na Dravskem polju,,8,
701,2325,Kidričevo,Kidričevo,,Kopališka ulica,,2,
702,2325,Kidričevo,Kungota pri Ptuju,,Kungota pri Ptuju,,89,
"",,Naslovna pošta,,,,,,Dodatek
Zap. št.,,,,Naselje,,Ulica,Hišna št.,
"",poštna št.,naziv pošte,,,,,,HŠ
1,2,3,,4,,5,6,7
703,2325,Kidričevo,Njiverce,,Njiverce - vas,,12,
704,2326,Cirkovce,Cirkovce,,Cirkovce,,10,
705,2327,Rače,Ješenca,,Ješenca,,,
706,2327,Rače,Rače,,Ljubljanska cesta,,14,
707,2331,Pragersko,Gaj,,Gaj,,,
708,2331,Pragersko,Pragersko,,Ptujska c.,,20,
709,2331,Pragersko,Spodnja Polskava,,Spodnja Polskava,,278,
710,2341,Limbuš,Hrastje,,Hrastje,,,
711,2341,Limbuš,Limbuš,,Lackova cesta,,216,
712,2341,Limbuš,Limbuš,,Ob Blažovnici,,53,
713,2341,Limbuš,Pekre,,Bezjakova ulica,,6,
714,2342,Ruše,Bezena,,Bezena,,3,
715,2342,Ruše,Ruše,,Falska cesta,,7,A
716,2342,Ruše,Ruše,,Industrijska ulica,,24,
717,2342,Ruše,Ruše,,Jamnikova ulica,,2,
718,2342,Ruše,Ruše,,Mariborska cesta,,31,
719,2343,Fala,Činžat,,Činžat,,28,
720,2344,Lovrenc na Pohorju,Lovrenc na Pohorju,,Gornji trg,,37,
721,2344,Lovrenc na Pohorju,Lovrenc na Pohorju,,Spodnji trg,,7,
722,2344,Lovrenc na Pohorju,Lovrenc na Pohorju,,Vozniški trg,,2,
723,2345,Bistrica ob Dravi,Bistrica ob Dravi,,Ruška cesta,,36,
724,2351,Kamnica,Kamnica,,Cesta v Rošpoh,,18,
725,2351,Kamnica,Kamnica,,Vrbanska cesta,,97,
726,2351,Kamnica,Rošpoh - del,,Rošpoh - del,,81,
727,2352,Selnica ob Dravi,Janževa Gora,,Janževa Gora,,,
728,2352,Selnica ob Dravi,Selnica ob Dravi,,Slovenski trg,,4,A
729,2352,Selnica ob Dravi,Spodnji Slemen,,Spodnji Slemen,,44,A
730,2352,Selnica ob Dravi,Zgornja Selnica,,Zgornja Selnica,,,
"",,"Sveti Duh na Ostrem Vrhu,",,,,,,
731,2353,,Sv. Duh na Ostrem Vrhu,,Sv. Duh na Ostrem Vrhu,,47,
"",,premična pošta,,,,,,
732,2354,Bresternica,Bresternica,,Obrobna ulica,,1,
733,2360,Radlje ob Dravi,Radlje ob Dravi,,Koroška cesta,,61,
734,2360,Radlje ob Dravi,Radlje ob Dravi,,Mariborska cesta,,3,
735,2360,Radlje ob Dravi,Vas,,Vas,,32,
736,2361,Ožbalt,Ožbalt,,Ožbalt,,69,
737,2362,"Kapla, premična pošta",Spodnja Kapla,,Spodnja Kapla,,3,
738,2363,Podvelka,Brezno,,Brezno,,79,
739,2363,Podvelka,Podvelka,,Podvelka,,18,
740,2363,Podvelka,Remšnik,,Remšnik,,3,
741,2364,Ribnica na Pohorju,Ribnica na Pohorju,,Ribnica na Pohorju,,1,
742,2365,Vuhred,Vuhred,,Vuhred,,1,
743,2366,Muta,Gortina,,Gortina,,76,
744,2366,Muta,Muta,,Glavni trg,,31,
745,2367,Vuzenica,Vuzenica,,Mladinska ulica,,4,
746,2367,Vuzenica,Vuzenica,,Sv. Vid,,25,
747,2370,Dravograd,Črneče,,Črneče,,146,
748,2370,Dravograd,Dravograd,,Koroška cesta,,47,
749,2370,Dravograd,Dravograd,,Mariborska cesta,,12,A
750,2370,Dravograd,Dravograd,,Trg 4. julija,,1,
751,2370,Dravograd,Dravograd,,Trg 4. julija,,29,
752,2371,Trbonje,Trbonje,,Trbonje,,46,
753,2372,Libeliče,Libeliče,,Libeliče,,11,
754,2373,Šentjanž pri Dravogradu,Otiški Vrh,,Otiški Vrh,,147,
755,2373,Šentjanž pri Dravogradu,Selovec,,Selovec,,,
756,2373,Šentjanž pri Dravogradu,Šentjanž pri Dravogradu,,Šentjanž pri Dravogradu,,75,
757,2380,Slovenj Gradec,Pameče,,Pameče,,129,
758,2380,Slovenj Gradec,Slovenj Gradec,,Celjska cesta,,19,
759,2380,Slovenj Gradec,Slovenj Gradec,,Francetova cesta,,1,
760,2380,Slovenj Gradec,Slovenj Gradec,,Francetova cesta,,16,
761,2380,Slovenj Gradec,Slovenj Gradec,,Glavni trg,,21,
762,2380,Slovenj Gradec,Slovenj Gradec,,Glavni trg,,43,
763,2380,Slovenj Gradec,Slovenj Gradec,,Gosposvetska cesta,,1,
764,2380,Slovenj Gradec,Slovenj Gradec,,Podgorska cesta,,29,
765,2380,Slovenj Gradec,Slovenj Gradec,,Pohorska cesta,,21,
766,2380,Slovenj Gradec,Slovenj Gradec,,Ronkova ulica,,4,
767,2380,Slovenj Gradec,Slovenj Gradec,,Ronkova ulica,,4,A
768,2380,Slovenj Gradec,Stari trg,,Stari trg,,268,
769,2381,Podgorje pri Slovenj Gradcu,Podgorje,,Podgorje,,35,
770,2382,Mislinja,Gornji Dolič,,Gornji Dolič,,,
771,2382,Mislinja,Kozjak,,Kozjak,,,
772,2382,Mislinja,Mislinja,,Šolska cesta,,55,
773,2382,Mislinja,Završe,,Završe,,47,
774,2383,Šmartno pri Slovenj Gradcu,Legen,,Legen,,134,
775,2383,Šmartno pri Slovenj Gradcu,Mislinjska Dobrava,,Mislinjska Dobrava,,,
776,2383,Šmartno pri Slovenj Gradcu,Šmartno pri Slovenj Gradcu,,Šmartno pri Slovenj Gradcu,,60,
777,2390,Ravne na Koroškem,Brdinje,,Brdinje,,,
778,2390,Ravne na Koroškem,Dobja vas,,Dobja vas,,126,
779,2390,Ravne na Koroškem,Dobja vas,,Dobja vas,,,
"",,Naslovna pošta,,,,,Dodatek
Zap. št.,,,Naselje,,Ulica,Hišna št.,
"",poštna št.,naziv pošte,,,,,HŠ
1,2,3,4,,5,6,7
780,2390,Ravne na Koroškem,Ravne na Koroškem,Čečovje,,6,A
781,2390,Ravne na Koroškem,Ravne na Koroškem,Javornik,,,
782,2390,Ravne na Koroškem,Ravne na Koroškem,Koroška cesta,,6,
783,2390,Ravne na Koroškem,Ravne na Koroškem,Trg svobode,,19,
784,2390,Ravne na Koroškem,Tolsti Vrh p. R. na K. - del,Tolsti Vrh p. R. na K. - del,,103,
785,2391,Prevalje,Leše,Leše,,14,
786,2391,Prevalje,Prevalje,Na Fari,,26,
787,2391,Prevalje,Prevalje,Na produ,,58,
788,2391,Prevalje,Prevalje,Trg,,32,A
789,2392,Mežica,Mežica,Partizanska cesta,,2,
790,2393,Črna na Koroškem,Črna na Koroškem,Center,,16,
791,2393,Črna na Koroškem,Žerjav,Žerjav,,23,
792,2394,Kotlje,Kotlje,Kotlje,,3,A
793,3000,Celje,Celje,Cankarjeva ulica,,1,
794,3000,Celje,Celje,Cesta na Ostrožno,,94,
795,3000,Celje,Celje,Cesta v Laško,,4,B
796,3000,Celje,Celje,Glavni trg,,1,
797,3000,Celje,Celje,Gregorčičeva ulica,,6,
798,3000,Celje,Celje,Kidričeva ulica,,24,
799,3000,Celje,Celje,Kosovelova ulica,,16,
800,3000,Celje,Celje,Krekov trg,,1,
801,3000,Celje,Celje,Krekov trg,,5,
802,3000,Celje,Celje,Krekov trg,,9,
803,3000,Celje,Celje,Ljubljanska cesta,,14,
804,3000,Celje,Celje,Ljubljanska cesta,,16,
805,3000,Celje,Celje,Mariborska cesta,,68,
806,3000,Celje,Celje,Mariborska cesta,,86,
807,3000,Celje,Celje,Mariborska cesta,,100,
808,3000,Celje,Celje,Mariborska cesta,,128,
809,3000,Celje,Celje,Oblakova ulica,,5,
810,3000,Celje,Celje,Oblakova ulica,,5,
811,3000,Celje,Celje,Opekarniška cesta,,9,
812,3000,Celje,Celje,Podjavorškova ulica,,1,
813,3000,Celje,Celje,Pucova ulica,,9,C
814,3000,Celje,Celje,Šaranovičeva ulica,,3,
815,3000,Celje,Celje,Trg Celjskih knezov,,9,
816,3000,Celje,Celje,Trubarjeva ulica,,55,
817,3000,Celje,Celje,Ulica bratov Vošnjakov,,12,
818,3000,Celje,Celje,Ulica frankolovskih žrtev,,44,
819,3000,Celje,Celje,Ulica mesta Grevenbroich,,11,
820,3000,Celje,Celje,Ulica V. prekomorske brigade,,2,
821,3000,Celje,Lopata,Lopata,,20,
822,3000,Celje,Trnovlje pri Celju,Gaji,,29,
823,3000,Celje,Trnovlje pri Celju,Trnoveljska cesta,,7,
824,3201,Šmartno v Rožni dolini,Šmartno v Rožni dolini,Šmartno v Rožni dolini,,32,
825,3202,Ljubečna,Ljubečna,Kocbekova cesta,,42,
826,3203,Nova Cerkev,Nova Cerkev,Nova Cerkev,,22,
827,3204,Dobrna,Dobrna,Dobrna,,19,
828,3204,Dobrna,Dobrna,Dobrna,,50,
829,3204,Dobrna,Pristova,Pristova,,21,
830,3205,Vitanje,Vitanje,Grajski trg,,6,
831,3205,Vitanje,Vitanje,Na vasi,,12,A
832,3206,Stranice,Stranice,Stranice,,35,
833,3210,Slovenske Konjice,Bezina,Bezina,,,
834,3210,Slovenske Konjice,Slovenske Konjice,Liptovska ulica,,6,
835,3210,Slovenske Konjice,Slovenske Konjice,Liptovska ulica,,16,
836,3210,Slovenske Konjice,Slovenske Konjice,Liptovska ulica,,40,
837,3210,Slovenske Konjice,Slovenske Konjice,Mestni trg,,3,A
838,3210,Slovenske Konjice,Slovenske Konjice,Oplotniška cesta,,1,
839,3210,Slovenske Konjice,Tepanje,Tepanje,,28,
840,3211,Škofja vas,Arclin,Arclin,,72,
841,3211,Škofja vas,Prekorje,Prekorje,,13,
842,3211,Škofja vas,Škofja vas,Škofja vas,,38,
843,3211,Škofja vas,Zadobrova,Zadobrova,,88,A
844,3212,Vojnik,Vojnik,Celjska cesta,,24,B
845,3213,Frankolovo,Frankolovo,Frankolovo,,12,A
846,3214,Zreče,Zreče,Cesta na Roglo,,9,B
847,3214,Zreče,Zreče,Cesta na Roglo,,15,
848,3215,Loče,Draža vas,Draža vas,,38,A
849,3215,Loče,Loče,Stari trg,,15,A
850,3215,Loče,Žiče,Žiče,,12,
851,3220,Štore,Kompole,Kompole,,185,
852,3220,Štore,Prožinska vas,Prožinska vas,,32,
853,3220,Štore,Štore,Udarniška ulica,,3,
854,3221,Teharje,Bukovžlak,Bukovžlak,,95,
855,3221,Teharje,Teharje,Teharje,,11,
856,3222,Dramlje,Dramlje,Dramlje,,9,B
857,3222,Dramlje,Dramlje,Dramlje,,,
"",,Naslovna pošta,,,,,Dodatek
Zap. št.,,,Naselje,,Ulica,Hišna št.,
"",poštna št.,naziv pošte,,,,,HŠ
1,2,3,4,,5,6,7
858,3223,Loka pri Žusmu,Loka pri Žusmu,Loka pri Žusmu,,11,
859,3224,Dobje pri Planini,Dobje pri Planini,Dobje pri Planini,,5,C
860,3225,Planina pri Sevnici,Planina pri Sevnici,Planina pri Sevnici,,36,
861,3230,Šentjur,Proseniško,Proseniško,,22,
862,3230,Šentjur,Šentjur,Cesta Kozjanskega odreda,,55,
863,3230,Šentjur,Šentjur,Cesta Leona Dobrotinška,,10,
864,3230,Šentjur,Šentjur,Cesta Miloša Zidanška,,12,
865,3230,Šentjur,Šentjur,Drofenikova ulica,,3,A
866,3230,Šentjur,Šentjur,Drofenikova ulica,,16,
867,3230,Šentjur,Šentjur,Kolodvorska ulica,,9,
868,3230,Šentjur,Šentjur,Mestni trg,,5,A
869,3231,Grobelno,Grobelno,Grobelno,,1,
870,3232,Ponikva,Ponikva,Ponikva,,24,D
871,3233,Kalobje,Kalobje,Kalobje,,23,
872,3240,Šmarje pri Jelšah,Šmarje pri Jelšah,Aškerčev trg,,26,
873,3240,Šmarje pri Jelšah,Šmarje pri Jelšah,Obrtniška ulica,,11,
874,3240,Šmarje pri Jelšah,Šmarje pri Jelšah,Rimska cesta,,1,
875,3241,Podplat,Podplat,Podplat,,7,
876,3250,Rogaška Slatina,Rogaška Slatina,Celjska cesta,,7,
877,3250,Rogaška Slatina,Rogaška Slatina,Celjska cesta,,38,
878,3250,Rogaška Slatina,Rogaška Slatina,Kidričeva ulica,,3,
879,3250,Rogaška Slatina,Rogaška Slatina,Kidričeva ulica,,56,A
880,3252,Rogatec,Rogatec,Celjska cesta,,31,A
881,3254,Podčetrtek,Podčetrtek,Zdraviliška cesta,,27,C
882,3255,Buče,Vrenska Gorca,Vrenska Gorca,,6,
883,3256,Bistrica ob Sotli,Bistrica ob Sotli,Bistrica ob Sotli,,17,
884,3257,Podsreda,Podsreda,Podsreda,,54,
885,3260,Kozje,Kozje,Kozje,,138,A
886,3261,Lesično,Lesično,Lesično,,1,A
887,3263,Gorica pri Slivnici,Gorica pri Slivnici,Gorica pri Slivnici,,29,
888,3263,Gorica pri Slivnici,Gorica pri Slivnici,Gorica pri Slivnici,,72,
889,3264,Sveti Štefan,Sveti Štefan,Sveti Štefan,,17,
890,3270,Laško,Laško,Cesta v Rečico,,10,
891,3270,Laško,Laško,Mestna ulica,,6,
892,3270,Laško,Laško,Trubarjeva ulica,,9,
893,3270,Laško,Laško,Zdraviliška cesta,,4,
894,3270,Laško,Laško,Zdraviliška cesta,,20,
895,3270,Laško,Spodnja Rečica,Spodnja Rečica,,169,
896,3270,Laško,Zgornja Rečica,Zgornja Rečica,,27,
897,3272,Rimske Toplice,Rimske Toplice,Ulica XIV. divizije,,8,A
898,3272,Rimske Toplice,Rimske Toplice,Zdraviliška cesta,,53,
899,3273,Jurklošter,Jurklošter,Lahov Graben,,3,
900,3301,Petrovče,Arja vas,Arja vas,,101,
901,3301,Petrovče,Kasaze,Kasaze,,96,
902,3301,Petrovče,Levec,Levec,,71,A
903,3301,Petrovče,Liboje,Liboje,,8,B
904,3301,Petrovče,Petrovče,Petrovče,,1,
905,3301,Petrovče,Petrovče,Petrovče,,33,
906,3302,Griže,Griže,Griže,,30,d
907,3302,Griže,Migojnice,Migojnice,,6,
908,3302,Griže,Pongrac,Pongrac,,102,A
909,3302,Griže,Zabukovica,Zabukovica,,43,
910,3303,Gomilsko,Gomilsko,Gomilsko,,22,A
911,3304,Tabor,Tabor,Tabor,,21,
912,3305,Vransko,Vransko,Vransko,,59,
913,3310,Žalec,Galicija,Galicija,,75,
914,3310,Žalec,Gotovlje,Gotovlje,,71,
915,3310,Žalec,Ložnica pri Žalcu,Ložnica pri Žalcu,,10,
916,3310,Žalec,Studence,Studence,,,
917,3310,Žalec,Velika Pirešica,Velika Pirešica,,36,
918,3310,Žalec,Vrbje,Vrbje,,87,C
919,3310,Žalec,Žalec,Celjska cesta,,7,
920,3310,Žalec,Žalec,Celjska cesta,,8,
921,3310,Žalec,Žalec,Savinjska cesta,,21,
922,3310,Žalec,Žalec,Šlandrov trg,,23,
923,3310,Žalec,Žalec,Ulica heroja Staneta,,1,
924,3310,Žalec,Žalec,Ulica heroja Staneta,,8,
925,3311,Šempeter v Savinjski dolini,Šempeter v Savinjski dolini,Rimska cesta,,98,A
926,3311,Šempeter v Savinjski dolini,Šempeter v Savinjski dolini,Savinjska ulica,,2,
927,3312,Prebold,Dolenja vas,Dolenja vas,,45,
928,3312,Prebold,Latkova vas,Latkova vas,,200,
929,3312,Prebold,Prebold,Hmeljarska cesta,,8,
930,3312,Prebold,Šešče pri Preboldu,Šešče pri Preboldu,,51,
931,3313,Polzela,Andraž,Andraž nad Polzelo,,9,
932,3313,Polzela,Breg pri Polzeli,Cesta v gaj,,83,
933,3313,Polzela,Ločica,Sončna cesta,,2,
934,3313,Polzela,Polzela,Malteška cesta,,38,
935,3314,Braslovče,Braslovče,Braslovče,,31,
"",,Naslovna pošta,,,,,,Dodatek
Zap. št.,,,,Naselje,,Ulica,Hišna št.,
"",poštna št.,naziv pošte,,,,,,HŠ
1,2,3,,4,,5,6,7
936,3314,Braslovče,Parižlje,,Parižlje,,11,A
937,3320,Velenje,Kavče,,Kavče,,,
938,3320,Velenje,Podkraj pri Velenju,,Podkraj pri Velenju,,,
939,3320,Velenje,Velenje,,Cankarjeva cesta,,2,A
940,3320,Velenje,Velenje,,Efenkova cesta,,61,
941,3320,Velenje,Velenje,,Goriška cesta,,40,
942,3320,Velenje,Velenje,,Kidričeva cesta,,2,A
943,3320,Velenje,Velenje,,Kidričeva cesta,,6,
944,3320,Velenje,Velenje,,Partizanska cesta,,2,A
945,3320,Velenje,Velenje,,Partizanska cesta,,10,A
946,3320,Velenje,Velenje,,Partizanska cesta,,64,
947,3320,Velenje,Velenje,,Prešernova cesta,,22,
948,3320,Velenje,Velenje,,Šalek,,112,
949,3320,Velenje,Velenje,,Šaleška cesta,,1,
950,3320,Velenje,Velenje,,Tomšičeva cesta,,18,
951,3320,Velenje,Velenje,,Trg mladosti,,6,
952,3325,Šoštanj,Florjan,,Florjan,,35,
953,3325,Šoštanj,Gaberke,,Gaberke,,101,
954,3325,Šoštanj,Lokovica,,Lokovica,,144,
955,3325,Šoštanj,Ravne,,Ravne,,103,
956,3325,Šoštanj,Šoštanj,,Aškerčeva cesta,,5,F
957,3325,Šoštanj,Šoštanj,,Cesta Lole Ribarja,,6,
958,3325,Šoštanj,Šoštanj,,Trg svobode,,12,
959,3326,Topolšica,Topolšica,,Topolšica,,61,
960,3326,Topolšica,Topolšica,,Topolšica,,77,
961,3326,Topolšica,Topolšica,,Topolšica,,81,A
962,3327,Šmartno ob Paki,Letuš,,Letuš AP,,,
963,3327,Šmartno ob Paki,Šmartno ob Paki,,Šmartno ob Paki,,84,C
964,3330,Mozirje,Mozirje,,Na trgu,,53,
965,3330,Mozirje,Mozirje,,Savinjska cesta,,3,
966,3331,Nazarje,Nazarje,,Zadrečka cesta,,4,
967,3332,Rečica ob Savinji,Rečica ob Savinji,,Rečica ob Savinji,,107,A
968,3333,Ljubno ob Savinji,Ljubno ob Savinji,,Foršt,,6,
969,3333,Ljubno ob Savinji,Ljubno ob Savinji,,Plac,,12,
970,3333,Ljubno ob Savinji,Radmirje,,Radmirje,,11,
971,3334,Luče,Luče,,Luče,,1,
972,3334,Luče,Luče,,Luče,,106,
973,3335,Solčava,Solčava,,Solčava,,29,
974,3341,Šmartno ob Dreti,Šmartno ob Dreti,,Šmartno ob Dreti,,74,
975,3342,Gornji Grad,Bočna,,Bočna,,63,
976,3342,Gornji Grad,Gornji grad,,Attemsov trg,,9,
977,3342,Gornji Grad,Nova Štifta,,Šmiklavž,,3,
978,4000,Kranj,Britof,,Britof,,313,
979,4000,Kranj,Hrastje,,Hrastje,,168,
980,4000,Kranj,Kokrica,,Cesta na Brdo,,5,
981,4000,Kranj,Kranj,,Begunjska ulica,,4,
982,4000,Kranj,Kranj,,Bleiweisova cesta,,5,
983,4000,Kranj,Kranj,,Cesta 1. maja,,77,
984,4000,Kranj,Kranj,,Cesta Jaka Platiše,,18,
985,4000,Kranj,Kranj,,Cesta Staneta Žagarja,,69,
986,4000,Kranj,Kranj,,Delavska cesta,,10,
987,4000,Kranj,Kranj,,Dražgoška ulica,,8,
988,4000,Kranj,Kranj,,Drulovka,,57,
989,4000,Kranj,Kranj,,Gorenjesavska cesta,,9,
990,4000,Kranj,Kranj,,Jezerska cesta,,41,
991,4000,Kranj,Kranj,,Kidričeva cesta,,12,
992,4000,Kranj,Kranj,,Koroška cesta,,4,
993,4000,Kranj,Kranj,,Koroška cesta,,5,
994,4000,Kranj,Kranj,,Koroška cesta,,14,
995,4000,Kranj,Kranj,,Koroška cesta,,55,A
996,4000,Kranj,Kranj,,Likozarjeva ulica,,16,
997,4000,Kranj,Kranj,,Maistrov trg,,12,
998,4000,Kranj,Kranj,,Planina,,3,
999,4000,Kranj,Kranj,,Planina,,65,
1000,4000,Kranj,Kranj,,Poštna ulica,,4,
1001,4000,Kranj,Kranj,,Ručigajeva cesta,,35,
1002,4000,Kranj,Kranj,,Savska cesta,,34,
1003,4000,Kranj,Kranj,,Savska Loka,,21,
1004,4000,Kranj,Kranj,,Smledniška cesta,,136,
1005,4000,Kranj,Kranj,,Stara cesta,,25,
1006,4000,Kranj,Kranj,,Škofjeloška cesta,,17,
1007,4000,Kranj,Kranj,,Šorlijeva ulica,,12,
1008,4000,Kranj,Kranj,,Trg Prešernove brigade,,10,
1009,4000,Kranj,Kranj,,Ulica Gorenjskega odreda,,12,
1010,4000,Kranj,Kranj,,Ulica Lojzeta Hrovata,,2,
1011,4000,Kranj,Kranj,,Zasavska cesta,,40,
1012,4000,Kranj,Mlaka pri Kranju,,Golniška cesta,,105,
1013,4000,Kranj,Prebačevo,,Prebačevo,,31,
"",,Naslovna pošta,,,,,,Dodatek
Zap. št.,,,,Naselje,,Ulica,Hišna št.,
"",poštna št.,naziv pošte,,,,,,HŠ
1,2,3,,4,,5,6,7
1014,4000,Kranj,Predoslje,,Predoslje,,34,
1015,4000,Kranj,Struževo,,Struževo,,,
1016,4000,Kranj,Suha pri Predosljah,,Suha pri Predosljah,,13,
1017,4000,Kranj,Trboje,,Trboje,,29,
1018,4102,Kranj,Šenčur,,Poslovna cona A,,2,
1019,4201,Zgornja Besnica,Spodnja Besnica,,Pešnica,,,
1020,4201,Zgornja Besnica,Zgornja Besnica,,V Čepuljah,,19,
1021,4202,Naklo,Naklo,,Glavna cesta,,24,
1022,4202,Naklo,Podbrezje,,Podbrezje,,,
1023,4202,Naklo,Strahinj,,Strahinj,,16,
1024,4203,Duplje,Zgornje Duplje,,Zgornje Duplje,,8,
1025,4204,Golnik,Golnik,,Golnik,,36,
1026,4204,Golnik,Trstenik,,Trstenik,,8,
1027,4205,Preddvor,Bašelj,,Bašelj,,,
1028,4205,Preddvor,Hotemaže,,Hotemaže,,40,
1029,4205,Preddvor,Preddvor,,Dvorski trg,,10,
1030,4205,Preddvor,Preddvor,,Šiška,,1,
1031,4205,Preddvor,Tupaliče,,Tupaliče,,41,
1032,4206,Zgornje Jezersko,Zgornje Jezersko,,Zgornje Jezersko,,82,
1033,4207,Cerklje na Gorenjskem,Cerklje na Gorenjskem,,Slovenska cesta,,39,
1034,4207,Cerklje na Gorenjskem,Cerklje na Gorenjskem,,Trg Davorina Jenka,,13,
1035,4207,Cerklje na Gorenjskem,Dvorje,,Dvorje,,0,
1036,4207,Cerklje na Gorenjskem,Lahovče,,Lahovče,,40,
1037,4207,Cerklje na Gorenjskem,Spodnji Brnik,,Spodnji Brnik,,5,A
1038,4207,Cerklje na Gorenjskem,Zalog pri Cerkljah,,Zalog pri Cerkljah,,27,
1039,4207,Cerklje na Gorenjskem,Zgornji Brnik,,Zgornji Brnik,,114,A
1040,4208,Šenčur,Srednja vas v Šenčurju,,Srednja vas pri Šenčurju,,68,
1041,4208,Šenčur,Šenčur,,Gasilska cesta,,2,A
1042,4208,Šenčur,Voglje,,Na vasi,,21,
1043,4208,Šenčur,Voklo,,Voklo,,50,
1044,4209,Žabnica,Srednje Bitnje,,Srednje Bitnje,,50,
1045,4209,Žabnica,Šutna,,Šutna,,,
1046,4209,Žabnica,Zgornje Bitnje,,Zgornje Bitnje,,265,
1047,4209,Žabnica,Žabnica,,Žabnica,,26,
1048,4210,Brnik - aerodrom,Zgornji Brnik,,Zgornji Brnik,,130,
1049,4211,Mavčiče,Breg ob Savi,,Breg ob Savi,,34,
1050,4211,Mavčiče,Mavčiče,,Mavčiče,,102,
1051,4211,Mavčiče,Podreča,,Podreča,,34,
1052,4212,Visoko,Visoko,,Visoko,,67,
1053,4220,Škofja Loka,Godešič,,Godešič,,100,
1054,4220,Škofja Loka,Grenc,,Grenc,,54,
1055,4220,Škofja Loka,Reteče,,Reteče,,99,
1056,4220,Škofja Loka,Stara Loka,,Stara Loka,,30,
1057,4220,Škofja Loka,Škofja Loka,,Frankovo naselje,,69,
1058,4220,Škofja Loka,Škofja Loka,,Groharjevo naselje,,1,
1059,4220,Škofja Loka,Škofja Loka,,Kidričeva cesta,,23,A
1060,4220,Škofja Loka,Škofja Loka,,Kidričeva cesta,,43,B
1061,4220,Škofja Loka,Škofja Loka,,Kidričeva cesta,,61,
1062,4220,Škofja Loka,Škofja Loka,,Kidričeva cesta,,75,
1063,4220,Škofja Loka,Škofja Loka,,Mestni trg,,41,
1064,4220,Škofja Loka,Škofja Loka,,Pod Plevno,,42,
1065,4220,Škofja Loka,Škofja Loka,,Podlubnik,,139,
1066,4220,Škofja Loka,Škofja Loka,,Poljanska cesta,,2,
1067,4220,Škofja Loka,Škofja Loka,,Puštal,,,
1068,4220,Škofja Loka,Škofja Loka,,Spodnji trg,,2,
1069,4220,Škofja Loka,Škofja Loka,,Stara cesta,,10,
1070,4220,Škofja Loka,Virmaše,,Virmaše,,,
1071,4221,Škofja Loka,Škofja Loka,,Kapucinski trg,,14,
1072,4223,Poljane nad Škofjo Loko,Poljane nad Škofjo Loko,,Poljane nad Škofjo Loko,,80,
1073,4224,Gorenja vas,Gorenja vas,,Poljanska cesta,,55,
1074,4224,Gorenja vas,Gorenja vas,,Poljanska cesta,,65,A
1075,4224,Gorenja vas,Hotavlje,,Hotavlje,,42,
1076,4225,Sovodenj,Sovodenj,,Sovodenj,,23,
1077,4226,Žiri,Žiri,,Loška cesta,,32,
1078,4226,Žiri,Žiri,,Trg svobode,,1,
1079,4227,Selca,Dolenja vas,,Dolenja vas,,100,
1080,4227,Selca,Selca,,Selca,,21,
1081,4228,Železniki,Železniki,,Na Kresu,,26,
1082,4228,Železniki,Železniki,,Na Kresu,,1,
1083,4240,Radovljica,Lancovo,,Lancovo,,30,
1084,4240,Radovljica,Mošnje,,Mošnje,,55,
1085,4240,Radovljica,Radovljica,,Gorenjska cesta,,31,
1086,4240,Radovljica,Radovljica,,Gradnikova cesta,,1,B
1087,4240,Radovljica,Radovljica,,Gradnikova cesta,,91,A
1088,4240,Radovljica,Radovljica,,Kranjska cesta,,4,
1089,4240,Radovljica,Radovljica,,Kranjska cesta,,1,
1090,4240,Radovljica,Radovljica,,Linhartov trg,,2,
1091,4240,Radovljica,Radovljica,,Ulica Staneta Žagarja,,1,
"",,Naslovna pošta,,,,,,Dodatek
Zap. št.,,,,Naselje,,Ulica,Hišna št.,
"",poštna št.,naziv pošte,,,,,,HŠ
1,2,3,,4,,5,6,7
1092,4243,Brezje,Brezje,,Brezje,,63,A
1093,4243,Brezje,Brezje,,Brezje,,72,
1094,4244,Podnart,Ljubno,,Ljubno,,134,
1095,4244,Podnart,Podnart,,Podnart,,25,A
1096,4245,Kropa,Kropa,,Kropa,,3,A
1097,4246,Kamna Gorica,Kamna Gorica,,Kamna Gorica,,58,
1098,4247,Zgornje Gorje,Spodnje Gorje,,Spodnje Gorje,,105,
1099,4247,Zgornje Gorje,Zgornje Gorje,,Zgornje Gorje,,6,B
1100,4247,Zgornje Gorje,Zgornje Gorje,,Zgornje Gorje,,80,A
1101,4248,Lesce,Lesce,,Alpska cesta,,37,B
1102,4248,Lesce,Lesce,,Finžgarjeva ulica,,8,A
1103,4248,Lesce,Lesce,,Rožna dolina,,51,
1104,4248,Lesce,Lesce,,Železniška ulica,,12,
1105,4260,Bled,Bled,,Cesta svobode,,4,
1106,4260,Bled,Bled,,Cesta svobode,,7,
1107,4260,Bled,Bled,,Cesta svobode,,10,
1108,4260,Bled,Bled,,Grajska cesta,,3,
1109,4260,Bled,Bled,,Kajuhova cesta,,1,
1110,4260,Bled,Bled,,Kidričeva cesta,,10,C
1111,4260,Bled,Bled,,Ljubljanska cesta,,4,
1112,4260,Bled,Bled,,Ljubljanska cesta,,10,
1113,4260,Bled,Bled,,Prešernova cesta,,50,
1114,4260,Bled,Rečica,,Kolodvorska cesta,,50,
1115,4260,Bled,Ribno,,Izletniška ulica,,7,
1116,4260,Bled,Zasip,,Sebenje,,6,A
1117,4263,Bohinjska Bela,Bohinjska Bela,,Bohinjska Bela,,37,
1118,4264,Bohinjska Bistrica,Bohinjska Bistrica,,Trg svobode,,2,C
1119,4265,Bohinjsko jezero,Ribčev Laz,,Ribčev Laz,,47,
1120,4265,Bohinjsko jezero,Stara Fužina,,Stara Fužina,,118,
1121,4267,Srednja vas v Bohinju,Srednja vas v Bohinju,,Srednja vas v Bohinju,,79,
1122,4270,Jesenice,Jesenice,,Cesta maršala Tita,,17,
1123,4270,Jesenice,Jesenice,,Cesta maršala Tita,,37,
1124,4270,Jesenice,Jesenice,,Cesta maršala Tita,,65,
1125,4270,Jesenice,Jesenice,,Cesta maršala Tita,,79,
1126,4270,Jesenice,Jesenice,,Cesta maršala Tita,,1,A
1127,4270,Jesenice,Jesenice,,Cesta maršala Tita,,9,
1128,4270,Jesenice,Jesenice,,Cesta železarjev,,4,B
1129,4270,Jesenice,Jesenice,,Cesta železarjev,,6,B
1130,4270,Jesenice,Jesenice,,Pot Otmarja Novaka,,8,
1131,4270,Jesenice,Jesenice,,Spodnji Plavž,,5,
1132,4270,Jesenice,Koroška Bela,,Cesta talcev,,8,
1133,4270,Jesenice,Koroška Bela,,Cesta Viktorja Svetina,,8,B
1134,4271,Jesenice,Jesenice,,Cesta Cirila Tavčarja,,8,
1135,4273,Blejska Dobrava,Blejska Dobrava,,Blejska Dobrava,,45,A
1136,4274,Žirovnica,Breg,,Breg,,8,
1137,4274,Žirovnica,Breznica,,Breznica,,6,A
1138,4274,Žirovnica,Moste,,Moste,,42,
1139,4274,Žirovnica,Smokuč,,Smokuč,,12,
1140,4274,Žirovnica,Zabreznica,,Zabreznica,,22,
1141,4274,Žirovnica,Žirovnica,,Žirovnica,,4,
1142,4275,Begunje na Gorenjskem,Begunje na Gorenjskem,,Begunje,,15,D
1143,4275,Begunje na Gorenjskem,Zapuže,,Zapuže,,14,
1144,4276,Hrušica,Hrušica,,Hrušica,,71,F
1145,4280,Kranjska Gora,Kranjska Gora,,Borovška cesta,,92,
1146,4280,Kranjska Gora,Kranjska Gora,,Naselje Slavka Černeta,,33,
1147,4280,Kranjska Gora,Podkoren,,Podkoren,,16,
1148,4281,Mojstrana,Dovje,,Dovje,,41,
1149,4281,Mojstrana,Mojstrana,,Savska cesta,,1,
1150,4281,Mojstrana,Mojstrana,,Triglavska cesta,,28,
1151,4282,Gozd Martuljek,Gozd Martuljek,,Zgornje Rute,,50,A
1152,4283,Rateče Planica,Rateče,,Rateče,,22,
1153,4290,Tržič,Bistrica pri Tržiču,,Cesta Ste Marie aux Mines,,4,
1154,4290,Tržič,Bistrica pri Tržiču,,Cesta Ste Marie aux Mines,,9,A
1155,4290,Tržič,Bistrica pri Tržiču,,Deteljica,,7,
1156,4290,Tržič,Bistrica pri Tržiču,,Kovorska cesta,,37,
1157,4290,Tržič,Kovor,,Cesta na Hudo,,1,
1158,4290,Tržič,Podljubelj,,Podljubelj,,130,
1159,4290,Tržič,Pristava,,Pristavška cesta,,45,
1160,4290,Tržič,Tržič,,Predilniška cesta,,1,
1161,4290,Tržič,Tržič,,Predilniška cesta,,10,
1162,4290,Tržič,Tržič,,Trg svobode,,20,
1163,4290,Tržič,Zvirče,,Zvirče,,,
1164,4291,Tržič,Bistrica pri Tržiču,,Cesta Ste Marie aux Mines,,17,
1165,4294,Križe,Križe,,Cesta Kokrškega odreda,,24,
1166,4294,Križe,Križe,,Hladnikova ulca,,54,
1167,4294,Križe,Senično,,Senično,,8,
1168,4294,Križe,Žiganja vas,,Žiganja vas,,31,A
1169,5000,Nova Gorica,Kromberk,,Industrijska cesta,,6,
"",,Naslovna pošta,,,,,,Dodatek
Zap. št.,,,,Naselje,,Ulica,Hišna št.,
"",poštna št.,naziv pošte,,,,,,HŠ
1,2,3,,4,,5,6,7
1170,5000,Nova Gorica,Kromberk,,Industrijska cesta,,9,
1171,5000,Nova Gorica,Kromberk,,Industrijska cesta,,5,
1172,5000,Nova Gorica,Kromberk,,Ulica Vinka Vodopivca,,,
1173,5000,Nova Gorica,Nova Gorica,,Cankarjeva ulica,,62,
1174,5000,Nova Gorica,Nova Gorica,,Cankarjeva ulica,,12,
1175,5000,Nova Gorica,Nova Gorica,,Cesta 25. junija,,1,A
1176,5000,Nova Gorica,Nova Gorica,,Erjavčeva ulica,,18,
1177,5000,Nova Gorica,Nova Gorica,,Erjavčeva ulica,,4,
1178,5000,Nova Gorica,Nova Gorica,,Kidričeva ulica,,19,
1179,5000,Nova Gorica,Nova Gorica,,Ledine,,,
1180,5000,Nova Gorica,Nova Gorica,,Prvomajska ulica,,35,
1181,5000,Nova Gorica,Nova Gorica,,Sedejeva ulica,,6,
1182,5000,Nova Gorica,Nova Gorica,,Trg Edvarda Kardelja,,1,
1183,5000,Nova Gorica,Nova Gorica,,Ulica Gradnikove brigade,,7,
1184,5000,Nova Gorica,Nova Gorica,,Ulica Gradnikove brigade,,53,
1185,5000,Nova Gorica,Nova Gorica,,Vojkova cesta,,49,
1186,5000,Nova Gorica,Rožna Dolina,,Vipavska cesta,,10,
1187,5210,Deskle,Deskle,,Gregorčičeva ulica,,1,
1188,5210,Deskle,Deskle,,Srebrničeva ulica,,4,
1189,5211,Kojsko,Kojsko,,Kojsko,,15,A
1190,5212,Dobrovo v Brdih,Dobrovo v Brdih,,Trg 25. maja,,2,
1191,5212,Dobrovo v Brdih,Vipolže,,Vipolže,,5,
1192,5213,Kanal,Kanal,,Gradnikova ulica,,2,
1193,5213,Kanal,Kanal,,Gradnikova ulica,,23,
1194,5213,Kanal,Kanal,,Trg svobode,,22,
"",,"Kal nad Kanalom, premična",,,,,,
1195,5214,,Kal nad Kanalom,,Kal nad Kanalom,,111,e
"",,pošta,,,,,,
1196,5215,Ročinj,Ročinj,,Ročinj,,4,
1197,5216,Most na Soči,Most na Soči,,Most na Soči,,5,
1198,5220,Tolmin,Poljubinj,,Poljubinj,,62,
1199,5220,Tolmin,Tolmin,,Gregorčičeva ulica,,32,
1200,5220,Tolmin,Tolmin,,Rutarjeva ulica,,35,
1201,5220,Tolmin,Tolmin,,Trg 1. maja,,2,
1202,5220,Tolmin,Tolmin,,Trg maršala Tita,,10,
1203,5220,Tolmin,Tolmin,,Trg tigrovcev,,3,
1204,5220,Tolmin,Tolmin,,Žagarjeva ulica,,2,
1205,5220,Tolmin,Volče,,Volče,,69,
1206,5222,Kobarid,Kobarid,,Markova ulica,,18,
1207,5223,Breginj,Breginj,,Breginj,,15,
1208,5224,"Srpenica, premična pošta",Srpenica,,Srpenica,,61,
1209,5230,Bovec,Bovec,,Trg golobarskih žrtev,,2,
1210,5230,Bovec,Bovec,,Trg golobarskih žrtev,,9,
"",,"Log pod Mangartom,",,,,,,
1211,5231,,Log pod Mangartom,,Log pod Mangartom,,63,
"",,premična pošta,,,,,,
1212,5232,"Soča, premična pošta",Soča,,Soča,,26,
1213,5232,"Soča, premična pošta",Trenta,,Trenta,,31,
1214,5242,Grahovo ob Bači,Grahovo ob Bači,,Grahovo ob Bači,,21,
1215,5243,Podbrdo,Petrovo Brdo,,Petrovo Brdo,,7,
1216,5243,Podbrdo,Podbrdo,,Podbrdo,,33,
1217,5250,Solkan,Solkan,,Cesta IX. korpusa,,84,
1218,5250,Solkan,Solkan,,Cesta IX. korpusa,,96,
1219,5250,Solkan,Solkan,,Med ogradami,,1,
1220,5250,Solkan,Solkan,,Sočebranova ulica,,1,
1221,5250,Solkan,Solkan,,Trg Jožeta Srebrniča,,6,
1222,5251,Grgar,Grgar,,Grgar,,28,
1223,5252,Trnovo pri Gorici,Trnovo,,Trnovo,,37,
1224,5253,"Čepovan, premična pošta",Čepovan,,Čepovan,,66,
1225,5261,Šempas,Osek,,Osek,,60,
1226,5261,Šempas,Ozeljan,,Ozeljan,,49,B
1227,5261,Šempas,Šempas,,Šempas,,52,B
1228,5261,Šempas,Vitovlje,,Vitovlje,,68,
1229,5262,Črniče,Črniče,,Črniče,,27,B
1230,5262,Črniče,Selo,,Selo,,39,
1231,5262,Črniče,Vrtovin,,Vrtovin,,,
1232,5263,Dobravlje,Dobravlje,,Dobravlje,,2,
1233,5270,Ajdovščina,Ajdovščina,,Goriška cesta,,24,
1234,5270,Ajdovščina,Ajdovščina,,Goriška cesta,,25,C
1235,5270,Ajdovščina,Ajdovščina,,Gregorčičeva ulica,,3,
1236,5270,Ajdovščina,Ajdovščina,,Tovarniška cesta,,25,
1237,5270,Ajdovščina,Ajdovščina,,Vipavska cesta,,6,
1238,5270,Ajdovščina,Cesta,,Cesta,,,
1239,5270,Ajdovščina,Lokavec,,Lokavec,,3,
1240,5270,Ajdovščina,Planina,,Planina,,59,
1241,5271,Vipava,Budanje,,Budanje,,24,
1242,5271,Vipava,Slap,,Slap,,58,
1243,5271,Vipava,Vipava,,Glavni trg,,16,A
1244,5271,Vipava,Vipava,,Goriška cesta,,13,
1245,5271,Vipava,Vrhpolje,,Vrhpolje,,37,
"",,Naslovna pošta,,,,,,Dodatek
Zap. št.,,,,Naselje,,Ulica,Hišna št.,
"",poštna št.,naziv pošte,,,,,,HŠ
1,2,3,,4,,5,6,7
1246,5272,Podnanos,Podnanos,,Podnanos,,71,
1247,5273,Col,Col,,Col,,77,A
1248,5273,Col,Podkraj,,Podkraj,,100,
1249,5274,Črni Vrh nad Idrijo,Črni Vrh,,Črni Vrh,,82,
1250,5274,Črni Vrh nad Idrijo,Črni Vrh,,Črni Vrh,,120,
1251,5274,Črni Vrh nad Idrijo,Črni Vrh,,Črni Vrh,,121,
1252,5275,Godovič,Godovič,,Godovič,,5,
1253,5280,Idrija,Idrija,,Arkova ulica,,4,
1254,5280,Idrija,Idrija,,Gregorčičeva ulica,,47,
1255,5280,Idrija,Idrija,,Mestni trg,,2,
1256,5280,Idrija,Idrija,,Pot Sv. Antona,,49,
1257,5280,Idrija,Idrija,,Vodnikova ulica,,1,
1258,5280,Idrija,Vojsko,,Vojsko,,24,
1259,5281,Spodnja Idrija,Spodnja Idrija,,Mladinska ulica,,,
1260,5281,Spodnja Idrija,Spodnja Idrija,,Slovenska cesta,,29,
1261,5282,Cerkno,Cerkno,,Bevkova ulica,,9,
1262,5282,Cerkno,Cerkno,,Glavni trg,,,
1263,5282,Cerkno,Cerkno,,Močnikova ulica,,8,
1264,5282,Cerkno,Cerkno,,Sedejev trg,,6,
1265,5282,Cerkno,Šebrelje,,Šebrelje,,53,
1266,5283,Slap ob Idrijci,Slap ob Idrijci,,Slap ob Idrijci,,29,
1267,5290,Šempeter pri Gorici,Šempeter pri Gorici,,Cesta Prekomorskih brigad,,3,
1268,5290,Šempeter pri Gorici,Šempeter pri Gorici,,Cesta Prekomorskih brigad,,25,
1269,5290,Šempeter pri Gorici,Šempeter pri Gorici,,Goriška ulica,,,
1270,5290,Šempeter pri Gorici,Šempeter pri Gorici,,Ulica padlih borcev,,13,
1271,5290,Šempeter pri Gorici,Šempeter pri Gorici,,Vrtojbenska cesta,,19,C
1272,5290,Šempeter pri Gorici,Šempeter pri Gorici,,Žnidarčičeva ulica,,19,
1273,5290,Šempeter pri Gorici,Vrtojba,,Mednarodni prehod,,1,
1274,5290,Šempeter pri Gorici,Vrtojba,,Mednarodni prehod,,2,
1275,5290,Šempeter pri Gorici,Vrtojba,,Ulica 9. septembra,,,
1276,5291,Miren,Miren,,Miren,,125,C
1277,5291,Miren,Opatje selo,,Opatje selo,,69,A
1278,5291,Miren,Orehovlje,,Orehovlje,,,
1279,5292,Renče,Bilje,,Bilje,,104,
1280,5292,Renče,Gradišče nad Prvačino,,Gradišče nad Prvačino,,41,
1281,5292,Renče,Renče,,Trg,,69,
1282,5293,Volčja Draga,Bukovica,,Bukovica,,43,
1283,5293,Volčja Draga,Vogrsko,,Vogrsko,,7,
1284,5293,Volčja Draga,Volčja Draga,,Volčja Draga,,61,A
1285,5294,Dornberk,Dornberk,,Ulica Bojana Vodopivca,,5,
1286,5294,Dornberk,Zalošče,,Zalošče,,34,C
1287,5295,Branik,Branik,,Branik,,46,A
1288,5295,Branik,Preserje,,Preserje,,25,
1289,5296,Kostanjevica na Krasu,Kostanjevica na Krasu,,Kostanjevica na Krasu,,75,
1290,5297,Prvačina,Prvačina,,Prvačina,,60,A
1291,6000,Koper/Capodistria,Bertoki,,Cesta borcev,,1,
1292,6000,Koper/Capodistria,Bonini,,Bonini,,,
1293,6000,Koper/Capodistria,Bošamarin,,Bošamarin,,,
1294,6000,Koper/Capodistria,Kampel,,Kampel,,,
1295,6000,Koper/Capodistria,Koper,,Ankaranska cesta,,7,
1296,6000,Koper/Capodistria,Koper,,Ankaranska cesta,,2,
1297,6000,Koper/Capodistria,Koper,,Ankaranska cesta,,3,A
1298,6000,Koper/Capodistria,Koper,,Beblerjeva ulica,,7,
1299,6000,Koper/Capodistria,Koper,,Cankarjeva ulica,,1,
1300,6000,Koper/Capodistria,Koper,,Cesta Marežganskega upora,,4,
1301,6000,Koper/Capodistria,Koper,,Cesta na Markovec,,2,
1302,6000,Koper/Capodistria,Koper,,Dolinska cesta,,1,A
1303,6000,Koper/Capodistria,Koper,,Ferrarska ulica,,6,
1304,6000,Koper/Capodistria,Koper,,Gortanov trg,,15,
1305,6000,Koper/Capodistria,Koper,,Istrska cesta,,67,
1306,6000,Koper/Capodistria,Koper,,Jurčičeva ulica,,2,
1307,6000,Koper/Capodistria,Koper,,Kidričeva ulica,,4,
1308,6000,Koper/Capodistria,Koper,,Kolodvorska cesta,,5,
1309,6000,Koper/Capodistria,Koper,,Kolodvorska cesta,,9,
1310,6000,Koper/Capodistria,Koper,,Kopališko nabrežje,,,
1311,6000,Koper/Capodistria,Koper,,Kosovelov trg,,1,
1312,6000,Koper/Capodistria,Koper,,Krožna cesta,,5,
1313,6000,Koper/Capodistria,Koper,,Muzejski trg,,3,
1314,6000,Koper/Capodistria,Koper,,Oljčna pot,,65,
1315,6000,Koper/Capodistria,Koper,,Pahorjeva ulica,,34,
1316,6000,Koper/Capodistria,Koper,,Piranska cesta,,,
1317,6000,Koper/Capodistria,Koper,,Prešernov trg,,6,
1318,6000,Koper/Capodistria,Koper,,Pristaniška ulica,,2,
1319,6000,Koper/Capodistria,Koper,,Rozmanova ulica,,26,
1320,6000,Koper/Capodistria,Koper,,Šmarska cesta,,5,B
1321,6000,Koper/Capodistria,Koper,,Ulica 15. maja,,12,
1322,6000,Koper/Capodistria,Koper,,Ulica generala Levičnika,,,
1323,6000,Koper/Capodistria,Koper,,Ulica II. Prekomorske brigade,,47,
"",,Naslovna pošta,,,,,,Dodatek
Zap. št.,,,,Naselje,,Ulica,Hišna št.,
"",poštna št.,naziv pošte,,,,,,HŠ
1,2,3,,4,,5,6,7
1324,6000,Koper/Capodistria,Koper,,Vojkovo nabrežje,,31,A
1325,6000,Koper/Capodistria,Manžan,,Manžan,,,
1326,6000,Koper/Capodistria,Prade,,Pobeška cesta,,54,
1327,6000,Koper/Capodistria,Škocjan,,Škocjan,,,
1328,6000,Koper/Capodistria,Vanganel,,Vanganel,,38,
1329,6210,Sežana,Dane pri Sežani,,Dane pri Sežani,,,
1330,6210,Sežana,Križ,,Križ,,,
1331,6210,Sežana,Lipica,,Lipica,,5,
1332,6210,Sežana,Sežana,,Bazoviška cesta,,5,
1333,6210,Sežana,Sežana,,Cankarjeva ulica,,4,
1334,6210,Sežana,Sežana,,Kolodvorska ulica,,4,
1335,6210,Sežana,Sežana,,Partizanska cesta,,48,A
1336,6210,Sežana,Sežana,,Partizanska cesta,,82,
1337,6210,Sežana,Sežana,,Partizanska cesta,,109,
1338,6210,Sežana,Sežana,,Partizanska cesta,,37,
1339,6210,Sežana,Sežana,,Ulica Ivana Turšiča,,6,
1340,6215,Divača,Divača,,Kraška cesta,,28,
1341,6215,Divača,Divača,,Kraška cesta,,77,
1342,6217,Vremski Britof,Vremski Britof,,Vremski Britof,,22,
1343,6219,Lokev,Lokev,,Lokev,,159,A
1344,6221,Dutovlje,Dutovlje,,Dutovlje,,3,B
1345,6221,Dutovlje,Dutovlje,,Dutovlje,,60,A
1346,6221,Dutovlje,Dutovlje,,Dutovlje,,128,
1347,6221,Dutovlje,Pliskovica,,Pliskovica,,47,
1348,6221,Dutovlje,Tomaj,,Tomaj,,21,
1349,6222,Štanjel,Štanjel,,Štanjel,,42,C
1350,6223,Komen,Komen,,Komen,,118,D
1351,6224,Senožeče,Senožeče,,Senožeče,,10,A
1352,6225,Hruševje,Hruševje,,Hruševje,,84,
1353,6230,Postojna,Hrašče,,Hrašče,,84,
1354,6230,Postojna,Postojna,,Jamska cesta,,30,
1355,6230,Postojna,Postojna,,Prečna ulica,,4,
1356,6230,Postojna,Postojna,,Titova cesta,,10,
1357,6230,Postojna,Postojna,,Trg padlih borcev,,5,
1358,6230,Postojna,Postojna,,Tržaška cesta,,39,
1359,6230,Postojna,Postojna,,Tržaška cesta,,59,
1360,6230,Postojna,Postojna,,Ulica 1. maja,,2,A
1361,6230,Postojna,Postojna,,Ulica Franca Smrduja,,2,
1362,6230,Postojna,Predjama,,Predjama,,2,
1363,6232,Planina,Planina,,Planina,,100,
1364,6240,Kozina,Hrpelje,,Reška cesta,,14,
1365,6240,Kozina,Hrpelje,,Reška cesta,,41,
1366,6240,Kozina,Kozina,,Mestni trg,,8,
1367,6240,Kozina,Kozina,,Rodiška cesta,,3,
1368,6244,Podgrad,Podgrad,,Podgrad,,16,
1369,6250,Ilirska Bistrica,Dolnji Zemon,,Dolnji Zemon,,21,
1370,6250,Ilirska Bistrica,Ilirska Bistrica,,Bazoviška cesta,,32,
1371,6250,Ilirska Bistrica,Ilirska Bistrica,,Bazoviška cesta,,17,
1372,6250,Ilirska Bistrica,Ilirska Bistrica,,Gregorčičeva cesta,,23,
1373,6250,Ilirska Bistrica,Ilirska Bistrica,,Kidričeva ulica,,15,
1374,6250,Ilirska Bistrica,Ilirska Bistrica,,Prešernova ulica,,7,
1375,6250,Ilirska Bistrica,Ilirska Bistrica,,Vilharjeva cesta,,4,
1376,6250,Ilirska Bistrica,Ilirska Bistrica,,Vojkov drevored,,7,
1377,6253,Knežak,Bač,,Bač,,,
1378,6253,Knežak,Knežak,,Knežak,,3,
1379,6254,Jelšane,Jelšane,,Jelšane,,7,A
1380,6255,Prem,Prem,,Prem,,4,
1381,6256,Košana,Dolnja Košana,,Dolnja Košana,,48,
1382,6257,Pivka,Pivka,,Kolodvorska cesta,,7,
1383,6257,Pivka,Pivka,,Prečna ulica,,1,
1384,6257,Pivka,Pivka,,Vilharjeva ulica,,,
1385,6257,Pivka,Zagorje,,Zagorje,,9,
1386,6258,Prestranek,Prestranek,,Reška cesta,,18,B
1387,6271,Dekani,Dekani,,Dekani,,209,
1388,6271,Dekani,Dekani,,Dekani,,,
1389,6272,Gračišče,Gračišče,,Gračišče,,4,
1390,6273,Marezige,Marezige,,Marezige,,24,
1391,6274,Šmarje,Gažon,,Gažon,,,
1392,6274,Šmarje,Šmarje,,Šmarje,,89,
1393,6275,Črni Kal,Črni Kal,,Črni Kal,,70,
1394,6275,Črni Kal,Hrastovlje,,Hrastovlje,,53,
1395,6276,Pobegi,Čežarji,,Cesta 1. Istrske brigade,,91,
1396,6276,Pobegi,Pobegi,,Cesta 1. Istrske brigade,,59,
1397,6276,Pobegi,Sv. Anton,,Sv. Anton,,1,
1398,6280,Ankaran/Ancarano,Ankaran,,Jadranska cesta,,25,
1399,6280,Ankaran/Ancarano,Ankaran,,Jadranska cesta,,31,
1400,6280,Ankaran/Ancarano,Ankaran,,Jadranska cesta,,73,
1401,6280,Ankaran/Ancarano,Ankaran,,Jadranska cesta,,,
"",,Naslovna pošta,,,,,,Dodatek
Zap. št.,,,,Naselje,,Ulica,Hišna št.,
"",poštna št.,naziv pošte,,,,,,HŠ
1,2,3,,4,,5,6,7
1402,6280,Ankaran/Ancarano,Ankaran,,Jadranska cesta,,,
1403,6280,Ankaran/Ancarano,Ankaran,,Regentova ulica,,2,
1404,6280,Ankaran/Ancarano,Hrvatini,,Hrvatini,,74,
1405,6280,Ankaran/Ancarano,Kolomban,,Kolomban,,,
1406,6281,Škofije,Plavje,,Plavje,,18,
1407,6281,Škofije,Spodnje Škofije,,Spodnje Škofije,,207,
1408,6281,Škofije,Zgornje Škofije,,Zgornje Škofije,,,
1409,6310,Izola/Isola,Dobrava,,Dobrava,,1,A
1410,6310,Izola/Isola,Izola,,Cankarjev drevored,,1,
1411,6310,Izola/Isola,Izola,,Cesta v Pregavor,,,
1412,6310,Izola/Isola,Izola,,Dantejeva ulica,,,
1413,6310,Izola/Isola,Izola,,Industrijska cesta,,,
1414,6310,Izola/Isola,Izola,,Kajuhova ulica,,28,
1415,6310,Izola/Isola,Izola,,Levstikova ulica,,1,
1416,6310,Izola/Isola,Izola,,Morova ulica,,25,E
1417,6310,Izola/Isola,Izola,,Polje,,40,
1418,6310,Izola/Isola,Izola,,Tomažičeva ulica,,10,
1419,6310,Izola/Isola,Izola,,Ulica oktobrske revolucije,,11,
1420,6310,Izola/Isola,Izola,,Veliki trg,,1,
1421,6310,Izola/Isola,Izola,,Veluščkova ulica,,6,
1422,6310,Izola/Isola,Jagodje,,Cesta v Jagodje,,2,
1423,6310,Izola/Isola,Jagodje,,Jagodje,,24,
1424,6310,Izola/Isola,Jagodje,,Morova ulica,,,
1425,6310,Izola/Isola,Korte,,Korte,,44,
1426,6310,Izola/Isola,Malija,,Malija,,,
1427,6310,Izola/Isola,Šared,,Šared,,,
1428,6320,Portorož/Portorose,Lucija,,Liminjanska cesta,,2,
1429,6320,Portorož/Portorose,Lucija,,Liminjanska cesta,,78,
1430,6320,Portorož/Portorose,Lucija,,Liminjska cesta,,111,
1431,6320,Portorož/Portorose,Lucija,,Obala,,107,
1432,6320,Portorož/Portorose,Lucija,,Obala,,114,
1433,6320,Portorož/Portorose,Lucija,,Obala,,132,
1434,6320,Portorož/Portorose,Portorož,,Belokriška cesta,,68,
1435,6320,Portorož/Portorose,Portorož,,Obala,,41,
1436,6320,Portorož/Portorose,Portorož,,Obala,,7,
1437,6320,Portorož/Portorose,Portorož,,Obala,,16,
1438,6320,Portorož/Portorose,Portorož,,Obala,,20,A
1439,6320,Portorož/Portorose,Portorož,,Obala,,43,A
1440,6320,Portorož/Portorose,Portorož,,Obala,,77,
1441,6320,Portorož/Portorose,Portorož,,Pacug,,32,
1442,6320,Portorož/Portorose,Seča,,Seča,,204,
1443,6320,Portorož/Portorose,Strunjan,,Strunjan,,14,
1444,6320,Portorož/Portorose,Strunjan,,Strunjan,,33,
1445,6320,Portorož/Portorose,Strunjan,,Strunjan,,148,
1446,6330,Piran/Pirano,Piran,,Cankarjevo nabrežje,,1,
1447,6330,Piran/Pirano,Piran,,Cankarjevo nabrežje,,5,
1448,6330,Piran/Pirano,Piran,,Dantejeva ulica,,2,
1449,6330,Piran/Pirano,Piran,,Kidričevo nabrežje,,4,
1450,6330,Piran/Pirano,Piran,,Prvomajski trg,,12,
1451,6330,Piran/Pirano,Piran,,Tartinijev trg,,2,
1452,6330,Piran/Pirano,Piran,,Trg bratstva,,8,
1453,6333,Sečovlje/Sicciole,Dragonja,,Dragonja,,,
1454,6333,Sečovlje/Sicciole,Nova vas,,Nova vas,,53,
1455,6333,Sečovlje/Sicciole,Parecag,,Parecag,,,
1456,6333,Sečovlje/Sicciole,Sečovlje,,Sečovlje,,19,
1457,6333,Sečovlje/Sicciole,Sveti Peter,,Sveti Peter,,76,
1458,8101,Novo mesto,Novo mesto,,Belokranjska cesta,,5,
1459,8101,Novo mesto,Novo mesto,,Drska,,42,
1460,8101,Novo mesto,Novo mesto,,Glavni trg,,21,
1461,8101,Novo mesto,Novo mesto,,Glavni trg,,32,
1462,8101,Novo mesto,Novo mesto,,Kandijska cesta,,35,
1463,8101,Novo mesto,Novo mesto,,Klemenčičeva ulica,,15,
1464,8101,Novo mesto,Novo mesto,,Ljubljanska cesta,,80,
1465,8101,Novo mesto,Novo mesto,,Ljubljanska cesta,,47,
1466,8101,Novo mesto,Novo mesto,,Otoška cesta,,5,
1467,8101,Novo mesto,Novo mesto,,Pod Trško goro,,83,
1468,8101,Novo mesto,Novo mesto,,Podbevškova ulica,,17,A
1469,8101,Novo mesto,Novo mesto,,Ragovska ulica,,8,A
1470,8101,Novo mesto,Novo mesto,,Seidlova cesta,,42,
1471,8101,Novo mesto,Novo mesto,,Smrečnikova ulica,,20,
1472,8101,Novo mesto,Novo mesto,,Šentjernejska cesta,,6,
1473,8101,Novo mesto,Novo mesto,,Šmihel,,1,
1474,8101,Novo mesto,Novo mesto,,Šmihel,,33,
1475,8101,Novo mesto,Novo mesto,,Topliška cesta,,2,
1476,8102,Novo mesto,Novo mesto,,Ulica Slavka Gruma,,7,
1477,8103,Novo mesto,Novo mesto,,Ragovska ulica,,1,
1478,8104,Novo mesto,Novo mesto,,Ljubljanska cesta,,27,
1479,8105,Novo mesto,Novo mesto,,Novi trg,,7,
"",,Naslovna pošta,,,,,,Dodatek
Zap. št.,,,,Naselje,,Ulica,Hišna št.,
"",poštna št.,naziv pošte,,,,,,HŠ
1,2,3,,4,,5,6,7
1480,8210,Trebnje,Trebnje,,Golijev trg,,11,
1481,8210,Trebnje,Trebnje,,Rimska cesta,,8,A
1482,8210,Trebnje,Trebnje,,Stari trg,,48,
1483,8210,Trebnje,Trebnje,,Stari trg,,2,
1484,8210,Trebnje,Trebnje,,Stari trg,,32,A
1485,8211,Dobrnič,Dobrnič,,Dobrnič,,9,A
1486,8212,Velika Loka,Velika Loka,,Velika Loka,,79,
1487,8213,Veliki Gaber,Veliki Gaber,,Veliki Gaber,,100,
1488,8216,Mirna Peč,Mirna Peč,,Trg,,2,
1489,8220,Šmarješke Toplice,Šmarješke Toplice,,Šmarješke Toplice,,100,
1490,8220,Šmarješke Toplice,Šmarješke Toplice,,Šmarješke Toplice,,115,
1491,8222,Otočec,Otočec,,Šentpeter,,1,
1492,8230,Mokronog,Mokronog,,Pod gradom,,2,
1493,8231,Trebelno,Trebelno,,Trebelno,,24,
1494,8232,Šentrupert,Šentrupert,,Šentrupert,,124,
1495,8233,Mirna,Mirna,,Cesta na Fužine,,3,
1496,8250,Brežice,Brežice,,Cesta prvih borcev,,18,
1497,8250,Brežice,Brežice,,Levstikova ulica,,2,
1498,8250,Brežice,Brežice,,Pleteršnikova ulica,,2,
1499,8250,Brežice,Brežice,,Ulica stare pravde,,34,
1500,8250,Brežice,Brežice,,Vodnikova ulica,,1,
1501,8251,Čatež ob Savi,Čatež ob Savi,,Topliška cesta,,35,
1502,8253,Artiče,Artiče,,Artiče,,48,
"",,,,,,,5,
1503,8254,Globoko,Globoko,,Globoko,,,A
"",,,,,,,63,
1504,8255,Pišece,Pišece,,Pišece,,13,
1505,8256,Sromlje,Sromlje,,Sromlje,,10,
1506,8257,Dobova,Dobova,,Ulica Bratov Gerjovičev,,52,
1507,8258,Kapele,Kapele,,Kapele,,20,
1508,8259,Bizeljsko,Bizeljsko,,Bizeljska cesta,,72,
1509,8261,Jesenice na Dolenjskem,Jesenice na Dolenjskem,,Jesenice na Dolenjskem,,9,
1510,8262,Krška vas,Krška vas,,Krška vas,,1,A
1511,8263,Cerklje ob Krki,Cerklje ob Krki,,Cerklje ob Krki,,10,
1512,8270,Krško,Krško,,Cesta krških žrtev,,15,
1513,8270,Krško,Krško,,Cesta krških žrtev,,141,
1514,8270,Krško,Krško,,Cesta krških žrtev,,135,C
1515,8270,Krško,Krško,,Cesta krških žrtev,,132,A
1516,8270,Krško,Krško,,Cesta krških žrtev,,134,D
1517,8270,Krško,Krško,,Trg Matije Gubca,,1,
1518,8272,Zdole,Zdole,,Zdole,,23,
1519,8273,Leskovec pri Krškem,Leskovec pri Krškem,,Ulica 11. novembra,,4,
1520,8273,Leskovec pri Krškem,Leskovec pri Krškem,,Ulica 11. novembra,,41,
1521,8274,Raka,Raka,,Raka,,113,
1522,8275,Škocjan,Škocjan,,Škocjan,,33,
1523,8276,Bučka,Bučka,,Bučka,,2,
1524,8280,Brestanica,Brestanica,,Cesta prvih borcev,,12,
1525,8281,Senovo,Senovo,,Titova cesta,,98,
1526,8282,Koprivnica,Koprivnica,,Koprivnica,,24,
1527,8283,Blanca,Blanca,,Blanca,,36,A
1528,8290,Sevnica,Sevnica,,Glavni trg,,19,A
1529,8290,Sevnica,Sevnica,,Trg svobode,,9,
1530,8292,Zabukovje,Zabukovje,,Zabukovje,,16,D
1531,8293,Studenec,Studenec,,Studenec,,34,
1532,8294,Boštanj,Boštanj,,Boštanj,,60,A
1533,8295,Tržišče,Tržišče,,Tržišče,,11,C
1534,8296,Krmelj,Krmelj,,Krmelj,,21,A
1535,8297,Šentjanž,Šentjanž,,Šentjanž,,7,
1536,8310,Šentjernej,Šentjernej,,Prvomajska cesta,,3,
1537,8310,Šentjernej,Šentjernej,,Prvomajska cesta,,8,A
1538,8310,Šentjernej,Šentjernej,,Trg gorjanskega bataljona,,8,
1539,8311,Kostanjevica na Krki,Kostanjevica na Krki,,Ljubljanska cesta,,7,
1540,8311,Kostanjevica na Krki,Kostanjevica na Krki,,Oražnova ulica,,3,
1541,8312,Podbočje,Podbočje,,Podbočje,,50,
1542,8321,Brusnice,Velike Brusnice,,Velike Brusnice,,7,
1543,8322,Stopiče,Stopiče,,Stopiče,,3,A
1544,8323,Uršna sela,Uršna sela,,Vaška cesta,,26,
1545,8330,Metlika,Metlika,,Cesta bratstva in enotnosti,,57,
1546,8330,Metlika,Metlika,,Cesta XV. brigade,,27,A
1547,8330,Metlika,Metlika,,Naselje Borisa Kidriča,,2,
1548,8331,Suhor,Dolnji Suhor pri Metliki,,Dolnji Suhor pri Metliki,,2,
1549,8332,Gradac,Gradac,,Gradac,,55,
1550,8333,Semič,Semič,,Črnomaljska cesta,,2,
1551,8340,Črnomelj,Črnomelj,,Kidričeva ulica,,4,
1552,8340,Črnomelj,Črnomelj,,Kočevje,,22,B
1553,8340,Črnomelj,Črnomelj,,Kolodvorska cesta,,1,
1554,8340,Črnomelj,Črnomelj,,Kolodvorska cesta,,30,A
1555,8340,Črnomelj,Črnomelj,,Na bregu,,3,
1556,8340,Črnomelj,Črnomelj,,Trg svobode,,3,
"",,Naslovna pošta,,,,,,Dodatek
Zap. št.,,,,Naselje,,Ulica,Hišna št.,
"",poštna št.,naziv pošte,,,,,,HŠ
1,2,3,,4,,5,6,7
1557,8340,Črnomelj,Črnomelj,,Ulica 21. oktobra,,12,
1558,8340,Črnomelj,Črnomelj,,Zadružna cesta,,16,
1559,8341,Adlešiči,Adlešiči,,Adlešiči,,13,
1560,8342,Stari trg ob Kolpi,Stari trg ob Kolpi,,Stari trg ob Kolpi,,39,
1561,8343,Dragatuš,Dragatuš,,Dragatuš,,22,
1562,8344,Vinica,Vinica,,Vinica,,61,
1563,8350,Dolenjske Toplice,Dolenjske Toplice,,Zdraviliški trg,,3,
1564,8351,Straža,Straža,,Ulica talcev,,7,
1565,8360,Žužemberk,Žužemberk,,Grajski trg,,29,
1566,8361,Dvor,Dvor,,Dvor,,93,
1567,8362,Hinje,Hrib pri Hinjah,,Hrib pri Hinjah,,7,
1568,9000,Murska Sobota,Bakovci,,Soboška ulica,,32,
1569,9000,Murska Sobota,Černelavci,,Zadružna ulica,,5,
1570,9000,Murska Sobota,Krog,,Murska ulica,,26,
1571,9000,Murska Sobota,Murska Sobota,,Cvetkova ulica,,14,
1572,9000,Murska Sobota,Murska Sobota,,Kroška ulica,,2,
1573,9000,Murska Sobota,Murska Sobota,,Lendavska ulica,,21,
1574,9000,Murska Sobota,Murska Sobota,,Lendavska ulica,,53,
1575,9000,Murska Sobota,Murska Sobota,,Plese,,,
1576,9000,Murska Sobota,Murska Sobota,,Slovenska ulica,,40,
1577,9000,Murska Sobota,Murska Sobota,,Tomšičeva ulica,,15,
1578,9000,Murska Sobota,Murska Sobota,,Trg zmage,,6,
1579,9000,Murska Sobota,Murska Sobota,,Trstenjakova ulica,,57,
1580,9000,Murska Sobota,Murska Sobota,,Ulica Mikloš Kuzmiča,,1,
1581,9000,Murska Sobota,Murska Sobota,,Ulica Štefana Kovača,,43,
1582,9000,Murska Sobota,Nemčavci,,Nemčavci,,1,D
1583,9000,Murska Sobota,Rakičan,,Ulica dr. Vrbnjaka,,1,
1584,9000,Murska Sobota,Rakičan,,Ulica dr. Vrbnjaka,,8,
1585,9000,Murska Sobota,Veščica,,Veščica,,25,
1586,9201,Puconci,Puconci,,Puconci,,150,
1587,9201,Puconci,Vaneča,,Vaneča,,59,
1588,9202,Mačkovci,Mačkovci,,Mačkovci,,48,C
1589,9202,Mačkovci,Pečarovci,,Pečarovci,,32,
1590,9203,Petrovci,Gornji Petrovci,,Gornji Petrovci,,40,E
1591,9204,Šalovci,Šalovci,,Šalovci,,168,A
1592,9205,Hodoš/Hodos,Hodoš-Hodos,,Hodoš-Hodos,,20,
1593,9206,Križevci,Križevci,,Križevci,,137,
1594,9207,Prosenjakovci/Partosfalva,Prosenjakovci,,Prosenjakovci,,70,
1595,9208,"Fokovci, premična pošta",Fokovci,,Fokovci,,26,
1596,9220,Lendava/Lendva,Čentiba,,Glavna ulica,,27,
1597,9220,Lendava/Lendva,Dolga vas,,Glavna ulica,,120,
1598,9220,Lendava/Lendva,Gaberje,,Glavna ulica,,15,
1599,9220,Lendava/Lendva,Gornji Lakoš,,Zagova ulica,,6,
1600,9220,Lendava/Lendva,Hotiza,,Petrova ulica,,30,
1601,9220,Lendava/Lendva,Kapca,,Šolska ulica,,3,
1602,9220,Lendava/Lendva,Lendava/Lendva,,Glavna ulica,,37,
1603,9220,Lendava/Lendva,Lendava/Lendva,,Kolodvorska ulica,,2,A
1604,9220,Lendava/Lendva,Lendava/Lendva,,Tomšičeva ulica,,2,A
1605,9220,Lendava/Lendva,Lendava/Lendva,,Trg ljudske pravice,,7,
1606,9220,Lendava/Lendva,Lendavske gorice,,Lendavske gorice,,429,F
1607,9220,Lendava/Lendva,Petišovci,,Lendavska ulica,,7,
1608,9221,Martjanci,Martjanci,,Martjanci,,83,B
1609,9221,Martjanci,Sebeborci,,Sebeborci,,45,
1610,9222,Bogojina,Bogojina,,Bogojina,,10,A
1611,9222,Bogojina,Filovci,,Filovci,,13,
1612,9223,Dobrovnik-Dobronak,Dobrovnik- Dobronak,,Dobrovnik- Dobronak,,297,H
1613,9224,Turnišče,Gomilica,,Gomilica,,59,
1614,9224,Turnišče,Nedelica,,Nedelica,,76,
1615,9224,Turnišče,Renkovci,,Renkovci,,68,
1616,9224,Turnišče,Turnišče,,Ulica Štefana Kovača,,97,A
1617,9225,Velika Polana,Velika Polana,,Velika Polana,,111,
1618,9226,Moravske Toplice,Moravske Toplice,,Kranjčeva ulica,,3,
1619,9226,Moravske Toplice,Moravske Toplice,,Kranjčeva ulica,,,
1620,9226,Moravske Toplice,Moravske Toplice,,Kranjčeva ulica,,,
1621,9227,Kobilje,Kobilje,,Kobilje,,35,
1622,9231,Beltinci,Beltinci,,Panonska ulica,,3,A
1623,9231,Beltinci,Beltinci,,Ulica Štefana Kovača,,2,
1624,9231,Beltinci,Bratonci,,Bratonci,,74,A
1625,9231,Beltinci,Dokležovje,,Glavna ulica,,69,
1626,9231,Beltinci,Gančani,,Gančani,,107,
1627,9231,Beltinci,Ižakovci,,Ižakovci,,100,
1628,9231,Beltinci,Lipa,,Lipa,,78,
1629,9231,Beltinci,Lipovci,,Lipovci,,118,
1630,9231,Beltinci,Melinci,,Melinci,,132,
1631,9232,Črenšovci,Črenšovci,,Ulica Prekmurske čete,,14,
1632,9232,Črenšovci,Dolnja Bistrica,,Dolnja Bistrica,,92,
1633,9232,Črenšovci,Gornja Bistrica,,Gornja Bistrica,,39,
1634,9232,Črenšovci,Srednja Bistrica,,Srednja Bistrica,,57,
"",,Naslovna pošta,,,,,,Dodatek
Zap. št.,,,,Naselje,,Ulica,Hišna št.,
"",poštna št.,naziv pošte,,,,,,HŠ
1,2,3,,4,,5,6,7
1635,9232,Črenšovci,Trnje,,Trnje,,46,
1636,9232,Črenšovci,Žižki,,Žižki,,75,
1637,9233,Odranci,Odranci,,Panonska ulica,,33,A
1638,9240,Ljutomer,Cven,,Cven,,3,E
1639,9240,Ljutomer,Ljutomer,,Cesta I. slovenskega tabora,,5,
1640,9240,Ljutomer,Ljutomer,,Glavni trg,,9,
1641,9240,Ljutomer,Ljutomer,,Miklošičev trg,,1,
1642,9240,Ljutomer,Ljutomer,,Prešernova ulica,,,
1643,9240,Ljutomer,Ljutomer,,Rajh Nade ulica,,2,
1644,9240,Ljutomer,Ljutomer,,Ulica Ludvika Bratuša,,8,
1645,9240,Ljutomer,Spodnji Kamenščak,,Spodnji Kamenščak,,66,
1646,9240,Ljutomer,Stročja vas,,Stročja vas,,42,
1647,9241,Veržej,Veržej,,Ulica bratstva in enotnosti,,7,
1648,9242,Križevci pri Ljutomeru,Križevci pri Ljutomeru,,Križevci pri Ljutomeru,,3,B
1649,9242,Križevci pri Ljutomeru,Lukavci,,Lukavci,,9,
1650,9243,Mala Nedelja,Moravci,,Moravci,,34,B
1651,9244,Sveti Jurij ob Ščavnici,Sveti Jurij ob Ščavnici,,Videm,,28,
1652,9245,Spodnji Ivanjci,Spodnji Ivanjci,,Spodnji Ivanjci,,6,A
1653,9246,Razkrižje,Šafarsko,,Šafarsko,,42,
1654,9250,Gornja Radgona,Črešnjevci,,Črešnjevci,,98,
1655,9250,Gornja Radgona,Gornja Radgona,,Cesta na stadion,,1,
1656,9250,Gornja Radgona,Gornja Radgona,,Partizanska cesta,,12,
1657,9250,Gornja Radgona,Gornja Radgona,,Partizanska cesta,,26,
1658,9250,Gornja Radgona,Spodnja Ščavnica,,Spodnja Ščavnica,,20,
1659,9251,Tišina,Petanjci,,Petanjci,,,
1660,9251,Tišina,Tišina,,Tišina,,4,
1661,9251,Tišina,Tropovci,,Kolesarska ulica,,64,
1662,9252,Radenci,Boračeva,,Boračeva,,37,
1663,9252,Radenci,Radenci,,Panonska cesta,,5,
1664,9252,Radenci,Radenci,,Prisojna cesta,,4,A
1665,9252,Radenci,Radenci,,Radgonska cesta,,9,F
1666,9252,Radenci,Radenci,,Zdraviliško naselje,,12,
1667,9253,Apače,Apače,,Apače,,42,A
1668,9261,Cankova,Cankova,,Cankova,,21,
1669,9262,Rogašovci,Pertoča,,Pertoča,,52,
1670,9262,Rogašovci,Serdica,,Serdica,,10,
1671,9262,Rogašovci,Sveti Jurij,,Sveti Jurij,,15,B
1672,9263,Kuzma,Gornji Slaveči,,Gornji Slaveči,,116,
1673,9263,Kuzma,Kuzma,,Kuzma,,60,L
1674,9264,Grad,Dolnji Slaveči,,Dolnji Slaveči,,50,
1675,9264,Grad,Grad,,Grad,,186,B
1676,9264,Grad,Grad,,Grad,,191,
1677,9265,Bodonci,Bodonci,,Bodonci,,7,
